Fecha;Dia semana;Monto total;Efectivo;Tarjeta Credito;Tarjeta Debito;Web Pay;PedidosYa;PedidosYa Vouchers;Rappi;UberEats;Mercat;Transferencia;PedidosYa Efectivo;Uber eats
sábado, 21 de agosto de 2021;Saturday;208954;0;0;41850;93914;73190;0;0;0;0;0;0;0
domingo, 22 de agosto de 2021;Sunday;225100;90550;0;9980;46160;26070;0;0;0;0;0;52340;0
lunes, 23 de agosto de 2021;Monday;225530;43720;0;26240;0;60900;9410;0;0;0;0;15050;70210
martes, 24 de agosto de 2021;Tuesday;88968;0;0;0;28748;60220;0;0;0;0;0;0;0
miércoles, 25 de agosto de 2021;Wednesday;54030;0;0;0;0;13480;0;40550;0;0;0;0;0
jueves, 26 de agosto de 2021;Thursday;317746;71490;0;32250;54939;67920;0;26860;45320;0;0;0;18967
viernes, 27 de agosto de 2021;Friday;562203;61160;0;80580;88019;75480;0;185004;66970;0;0;4990;0
sábado, 28 de agosto de 2021;Saturday;253205;0;0;0;0;49831;4110;158844;40420;0;0;0;0
domingo, 29 de agosto de 2021;Sunday;266733;0;0;10780;45841;21960;0;163702;9580;0;14870;0;0
lunes, 30 de agosto de 2021;Monday;188662;39010;0;15270;41730;16672;0;57820;18160;0;0;0;0
martes, 31 de agosto de 2021;Tuesday;381390;93940;0;71100;0;0;0;77680;123200;0;0;15470;0
miércoles, 1 de septiembre de 2021;Wednesday;240626;47070;0;29540;37386;36560;0;56530;33540;0;0;0;0
jueves, 2 de septiembre de 2021;Thursday;534107;43820;0;22050;76903;94564;3710;185650;70590;0;14070;22750;0
viernes, 3 de septiembre de 2021;Friday;738944;41620;0;47010;151408;118926;0;325460;54520;0;0;0;0
sábado, 4 de septiembre de 2021;Saturday;763239;137142;14574;41230;80593;52190;0;414450;14280;0;0;8780;0
domingo, 5 de septiembre de 2021;Sunday;652673;67440;0;44130;99801;67680;4010;286040;24560;0;0;59012;0
lunes, 6 de septiembre de 2021;Monday;574164;50070;0;24350;100503;61601;0;278440;53210;0;0;5990;0
martes, 7 de septiembre de 2021;Tuesday;543319;44950;0;19860;79549;98850;0;190040;65180;0;10940;33950;0
miércoles, 8 de septiembre de 2021;Wednesday;666343;105010;0;32530;71863;209390;4710;155580;54730;0;4490;28040;0
jueves, 9 de septiembre de 2021;Thursday;804853;61720;0;82450;111317;54621;6730;228080;87740;0;30340;141855;0
viernes, 10 de septiembre de 2021;Friday;1687076;77000;0;136760;358243;226096;0;734240;144760;0;0;9977;0
sábado, 11 de septiembre de 2021;Saturday;822884;57540;0;57720;127932;110730;3490;369922;51210;0;0;44340;0
domingo, 12 de septiembre de 2021;Sunday;781639;55074;0;110000;42089;180022;0;313582;44930;0;11880;24062;0
lunes, 13 de septiembre de 2021;Monday;607489;43580;0;47420;91834;59111;0;308544;8080;0;4490;44430;0
martes, 14 de septiembre de 2021;Tuesday;662421;48760;0;48430;120275;74270;0;256246;63020;0;0;51420;0
miércoles, 15 de septiembre de 2021;Wednesday;235496;39980;0;0;34895;60681;0;59610;18270;0;0;22060;0
jueves, 16 de septiembre de 2021;Thursday;574502;38390;0;47100;160411;54892;0;196239;56600;0;0;20870;0
viernes, 17 de septiembre de 2021;Friday;529056;61960;0;13470;42176;37840;0;184920;131180;0;9580;47930;0
sábado, 18 de septiembre de 2021;Saturday;0;0;0;0;0;0;0;0;0;0;0;0;0
domingo, 19 de septiembre de 2021;Sunday;0;0;0;0;0;0;0;0;0;0;0;0;0
lunes, 20 de septiembre de 2021;Monday;764758;75190;27780;130740;100178;177826;10020;76104;155980;0;0;10940;0
martes, 21 de septiembre de 2021;Tuesday;529803;32720;0;85450;75713;51316;0;126824;143790;0;0;13990;0
miércoles, 22 de septiembre de 2021;Wednesday;336027;43490;13470;18760;65313;77159;0;41042;61920;0;4490;10383;0
jueves, 23 de septiembre de 2021;Thursday;429177;38310;0;40020;92842;93896;0;53396;70070;0;0;40643;0
viernes, 24 de septiembre de 2021;Friday;1339939;75230;0;83110;125125;385597;2010;388741;137980;0;17960;124186;0
sábado, 25 de septiembre de 2021;Saturday;706337;34580;0;71980;35549;176495;8020;218383;93850;0;0;67480;0
domingo, 26 de septiembre de 2021;Sunday;536771;37950;21570;17060;40460;147483;4210;184908;83130;0;0;0;0
lunes, 27 de septiembre de 2021;Monday;484146;18090;0;53620;54596;68052;0;201538;74680;0;0;13570;0
martes, 28 de septiembre de 2021;Tuesday;503104;21110;0;89540;40443;113304;4710;97526;132190;0;0;4281;0
miércoles, 29 de septiembre de 2021;Wednesday;558437;31870;0;56900;51276;100856;0;168675;142870;0;0;5990;0
jueves, 30 de septiembre de 2021;Thursday;809976;37240;0;82480;111376;174416;0;245494;130720;0;0;28250;0
viernes, 1 de octubre de 2021;Friday;1170960;81459;5290;154660;136835;199608;1500;469032;78750;0;0;43826;0
sábado, 2 de octubre de 2021;Saturday;1025084;19550;0;36240;148010;384201;3410;283180;131690;0;0;18803;0
domingo, 3 de octubre de 2021;Sunday;893556;70030;0;53240;91029;250123;4010;293660;74510;0;0;56954;0
lunes, 4 de octubre de 2021;Monday;600511;30180;0;19760;49293;227274;0;125724;117020;0;0;31260;0
martes, 5 de octubre de 2021;Tuesday;536006;31840;0;4290;123435;151327;0;82994;114650;0;4490;22980;0
miércoles, 6 de octubre de 2021;Wednesday;452216;31930;0;34340;51309;108151;0;109564;73790;0;0;43132;0
jueves, 7 de octubre de 2021;Thursday;956500;71010;0;70500;222511;148011;0;226588;158350;0;0;59530;0
viernes, 8 de octubre de 2021;Friday;1070324;33060;0;39820;117843;222100;0;412381;184800;0;0;60320;0
sábado, 9 de octubre de 2021;Saturday;1033481;59090;0;42110;155808;204271;12700;243002;257270;0;0;59230;0
domingo, 10 de octubre de 2021;Sunday;903332;64570;0;21851;153895;129510;2710;410276;84080;0;0;36440;0
lunes, 11 de octubre de 2021;Monday;599910;66110;0;26960;49089;204491;0;112430;140830;0;0;0;0
martes, 12 de octubre de 2021;Tuesday;479857;16610;0;40440;21683;85250;3910;94314;180120;0;0;37530;0
miércoles, 13 de octubre de 2021;Wednesday;865900;116630;53610;66300;74346;229400;0;166764;146870;0;0;11980;0
jueves, 14 de octubre de 2021;Thursday;864792;30170;0;72760;139805;202011;0;249096;138110;0;0;32840;0
viernes, 15 de octubre de 2021;Friday;1143627;51940;0;37940;265191;256811;5000;302275;211500;0;0;12970;0
sábado, 16 de octubre de 2021;Saturday;731281;37070;0;61400;77029;129294;4010;159898;195500;0;0;67080;0
domingo, 17 de octubre de 2021;Sunday;749543;20300;20970;32470;127684;148074;0;101664;216710;0;0;81671;0
lunes, 18 de octubre de 2021;Monday;794228;50760;0;72390;64390;76251;0;195836;304140;0;0;30461;0
martes, 19 de octubre de 2021;Tuesday;508360;32180;0;55890;43876;176300;4010;73453;94520;0;0;28131;0
miércoles, 20 de octubre de 2021;Wednesday;595832;32120;0;116300;0;113832;0;109592;147070;37388;0;39530;0
jueves, 21 de octubre de 2021;Thursday;687434;42610;0;27550;0;174850;9010;98985;159370;156319;0;18740;0
viernes, 22 de octubre de 2021;Friday;2054302;125970;8980;98880;10980;679472;11020;387180;568140;101840;0;61840;0
sábado, 23 de octubre de 2021;Saturday;741386;66440;5490;26960;0;167833;12481;127926;197830;113466;0;22960;0
domingo, 24 de octubre de 2021;Sunday;783728;33210;0;42930;0;233724;0;176192;198660;61572;0;37440;0
lunes, 25 de octubre de 2021;Monday;519633;30530;0;24970;0;128761;0;56622;228220;17480;0;33050;0
martes, 26 de octubre de 2021;Tuesday;543688;21800;0;59410;0;127690;3010;144831;128110;48666;0;10171;0
miércoles, 27 de octubre de 2021;Wednesday;414059;35430;0;4490;0;59000;0;89008;194980;0;1800;29351;0
jueves, 28 de octubre de 2021;Thursday;671243;0;0;0;0;114731;23320;246706;249590;36896;0;0;0
viernes, 29 de octubre de 2021;Friday;954991;48380;0;51430;0;276281;0;264176;173200;104294;0;37230;0
sábado, 30 de octubre de 2021;Saturday;1793631;103762;115906;770710;0;201111;3610;161250;221700;82751;54510;78321;0
domingo, 31 de octubre de 2021;Sunday;659838;0;0;0;0;326066;4210;163186;138000;28376;0;0;0
lunes, 1 de noviembre de 2021;Monday;731206;59440;0;77360;0;111223;4510;283705;67369;96659;12990;17950;0
martes, 2 de noviembre de 2021;Tuesday;405665;37140;0;16470;0;119601;5010;42642;130565;32596;0;21641;0
miércoles, 3 de noviembre de 2021;Wednesday;987876;80384;32610;171936;32450;178431;0;93334;261555;111216;0;25960;0
jueves, 4 de noviembre de 2021;Thursday;411323;0;0;0;0;83480;0;127000;128082;72761;0;0;0
viernes, 5 de noviembre de 2021;Friday;1745160;166029;98165;518188;0;271292;0;320386;167896;194724;0;8480;0
sábado, 6 de noviembre de 2021;Saturday;1517332;139669;167186;314543;0;215277;4710;286460;186452;127674;0;75361;0
domingo, 7 de noviembre de 2021;Sunday;1205168;60045;0;183224;0;250813;22410;243644;178415;169146;12990;84481;0
lunes, 8 de noviembre de 2021;Monday;545537;43940;0;4490;0;155241;0;118582;150758;20896;0;51630;0
martes, 9 de noviembre de 2021;Tuesday;444951;0;0;0;0;74582;0;128314;201899;40156;0;0;0
miércoles, 10 de noviembre de 2021;Wednesday;580377;36830;0;89962;0;141410;0;53348;169025;13132;0;76670;0
jueves, 11 de noviembre de 2021;Thursday;893119;48470;0;0;0;235410;0;218696;254967;81526;0;54050;0
viernes, 12 de noviembre de 2021;Friday;1939138;99161;0;612580;0;292962;0;395320;419892;80283;0;38940;0
sábado, 13 de noviembre de 2021;Saturday;749239;0;0;0;0;232442;2710;0;463741;50346;0;0;0
domingo, 14 de noviembre de 2021;Sunday;704199;51388;0;0;0;231350;3710;178694;141232;97825;0;0;0
lunes, 15 de noviembre de 2021;Monday;466263;41930;0;29940;0;76737;0;71330;226046;0;0;20280;0
martes, 16 de noviembre de 2021;Tuesday;624080;58400;6490;25960;0;109116;0;143314;142632;77947;0;60221;0
miércoles, 17 de noviembre de 2021;Wednesday;704505;64200;0;107442;0;176486;0;102646;204697;22384;0;26650;0
jueves, 18 de noviembre de 2021;Thursday;1028153;84927;103113;293539;0;79700;0;223386;209635;26363;0;7490;0
viernes, 19 de noviembre de 2021;Friday;1821467;180821;49231;546180;0;298268;4010;382554;274079;25950;0;60374;0
sábado, 20 de noviembre de 2021;Saturday;2341824;36990;37664;537706;0;326508;0;565856;577402;169098;0;90600;0
domingo, 21 de noviembre de 2021;Sunday;1401365;31430;0;29950;38410;345582;3810;0;673706;151375;0;127102;0
lunes, 22 de noviembre de 2021;Monday;263591;0;0;0;0;82268;0;55840;125483;0;0;0;0
martes, 23 de noviembre de 2021;Tuesday;246238;0;0;0;0;56210;1210;62838;109000;16980;0;0;0
miércoles, 24 de noviembre de 2021;Wednesday;701213;77350;0;78681;0;133583;0;181074;126275;65310;0;38940;0
jueves, 25 de noviembre de 2021;Thursday;450576;0;0;0;0;160661;0;114626;175289;0;0;0;0
viernes, 26 de noviembre de 2021;Friday;1630053;61437;120155;442825;0;250412;0;292656;348736;26960;0;86872;0
sábado, 27 de noviembre de 2021;Saturday;1343993;59238;33450;296126;0;104220;0;423062;361663;22693;0;43541;0
domingo, 28 de noviembre de 2021;Sunday;1017106;153493;21470;115990;107030;103238;0;176836;268971;32336;0;37742;0
lunes, 29 de noviembre de 2021;Monday;495707;53080;0;42930;21960;60011;0;49720;170540;50356;0;47110;0
martes, 30 de noviembre de 2021;Tuesday;517611;0;0;0;0;122612;0;107006;223990;64003;0;0;0
miércoles, 1 de diciembre de 2021;Wednesday;778869;130710;0;246409;0;83901;0;124066;172600;21183;0;0;0
jueves, 2 de diciembre de 2021;Thursday;1081957;120577;0;219558;0;150463;0;155778;251850;108851;0;74880;0
viernes, 3 de diciembre de 2021;Friday;1557618;88873;0;379975;0;303742;0;336000;371620;23478;0;53930;0
sábado, 4 de diciembre de 2021;Saturday;1295981;47480;0;357915;0;172171;0;202574;355630;89331;0;70880;0
domingo, 5 de diciembre de 2021;Sunday;540922;0;0;0;0;169070;4210;131948;191440;44254;0;0;0
lunes, 6 de diciembre de 2021;Monday;645418;38490;0;76270;0;112801;0;71574;236590;79433;0;30260;0
martes, 7 de diciembre de 2021;Tuesday;472545;51180;0;82180;0;82791;0;59514;192390;4490;0;0;0
miércoles, 8 de diciembre de 2021;Wednesday;1160305;54097;18227;243101;0;324791;0;122898;261650;83688;0;51853;0
jueves, 9 de diciembre de 2021;Thursday;1149613;96793;31724;306684;0;129810;0;250270;294000;27852;0;12480;0
viernes, 10 de diciembre de 2021;Friday;1743579;82745;107904;422273;0;181213;8220;451048;283460;153706;0;53010;0
sábado, 11 de diciembre de 2021;Saturday;2709206;94442;302219;238541;0;306980;15840;695796;745700;222206;0;87482;0
domingo, 12 de diciembre de 2021;Sunday;705960;0;0;0;0;144771;0;160320;351610;49259;0;0;0
lunes, 13 de diciembre de 2021;Monday;575314;48980;11480;21960;0;108042;0;103288;220650;34254;0;26660;0
martes, 14 de diciembre de 2021;Tuesday;774440;127834;5490;131293;0;199194;0;43356;246360;5490;0;15423;0
miércoles, 15 de diciembre de 2021;Wednesday;717716;61037;5490;59215;0;134200;0;111014;196460;86313;0;63987;0
jueves, 16 de diciembre de 2021;Thursday;796732;32000;0;13980;0;228222;0;240824;246490;20046;0;15170;0
viernes, 17 de diciembre de 2021;Friday;1010678;0;0;0;0;250412;0;193252;518760;48254;0;0;0
sábado, 18 de diciembre de 2021;Saturday;1964083;223914;0;104757;0;325100;8020;621027;513560;86328;0;81377;0
domingo, 19 de diciembre de 2021;Sunday;1735182;43480;12460;48530;0;381328;0;847160;204800;97388;0;100036;0
lunes, 20 de diciembre de 2021;Monday;387201;0;0;0;0;81950;0;42406;237800;25045;0;0;0
martes, 21 de diciembre de 2021;Tuesday;217703;41490;0;19635;0;25450;0;38378;73690;0;0;9280;9780
miércoles, 22 de diciembre de 2021;Wednesday;828884;50880;0;260204;25245;117710;0;63366;184780;90849;9600;26250;0
jueves, 23 de diciembre de 2021;Thursday;1946392;223896;80484;253332;0;405300;9420;247588;609440;62842;0;54090;0
viernes, 24 de diciembre de 2021;Friday;378067;32000;0;30940;0;41920;0;138596;65000;55138;0;14473;0
sábado, 25 de diciembre de 2021;Saturday;0;0;0;0;0;0;0;0;0;0;0;0;0
domingo, 26 de diciembre de 2021;Sunday;1286812;0;0;0;0;300512;0;380616;454820;150864;0;0;0
lunes, 27 de diciembre de 2021;Monday;518034;46970;0;41330;0;93130;0;58976;242540;24908;0;10180;0
martes, 28 de diciembre de 2021;Tuesday;880291;39500;0;46910;0;122192;5210;189070;398560;61997;0;16852;0
miércoles, 29 de diciembre de 2021;Wednesday;1215876;85980;93915;316046;0;115430;0;257063;224990;67146;0;55306;0
jueves, 30 de diciembre de 2021;Thursday;1956041;92745;128458;460201;0;294532;4510;460672;410270;32185;0;72468;0
viernes, 31 de diciembre de 2021;Friday;661413;47480;13980;6990;0;202864;0;157970;147980;84149;0;0;0
sábado, 1 de enero de 2022;Saturday;0;0;0;0;0;0;0;0;0;0;0;0;0
domingo, 2 de enero de 2022;Sunday;864178;36650;0;30440;0;150166;0;204100;270520;124181;0;48121;0
lunes, 3 de enero de 2022;Monday;874593;58800;0;35430;0;193816;0;167648;311910;80629;0;26360;0
martes, 4 de enero de 2022;Tuesday;598066;42990;0;49410;0;102233;0;149847;222270;21326;0;9990;0
miércoles, 5 de enero de 2022;Wednesday;640093;61020;0;59870;0;83263;0;144430;252540;29590;0;9380;0
jueves, 6 de enero de 2022;Thursday;1381148;119273;0;100112;0;181716;0;349225;535120;95702;0;0;0
viernes, 7 de enero de 2022;Friday;1958895;0;37224;486680;0;303062;0;403858;632590;21305;0;74176;0
sábado, 8 de enero de 2022;Saturday;1695561;202476;0;245085;0;185500;6120;411249;457740;113225;0;74166;0
domingo, 9 de enero de 2022;Sunday;785811;52970;0;0;0;175121;9720;120379;371450;47921;0;8250;0
lunes, 10 de enero de 2022;Monday;603218;53882;0;63780;0;99541;0;115268;203525;23980;0;43242;0
martes, 11 de enero de 2022;Tuesday;936030;54636;0;205078;0;98140;0;112274;347430;45976;0;72496;0
miércoles, 12 de enero de 2022;Wednesday;710704;81477;0;147943;0;50222;0;138090;191750;93232;0;7990;0
jueves, 13 de enero de 2022;Thursday;182541;40000;0;19858;0;34851;0;0;73595;14237;0;0;0
viernes, 14 de enero de 2022;Friday;1979452;97395;182658;403167;0;295895;5391;340770;480830;117216;0;56130;0
sábado, 15 de enero de 2022;Saturday;1459466;91705;0;522582;3990;168762;0;224620;359525;34562;0;53720;0
domingo, 16 de enero de 2022;Sunday;947018;57268;0;179167;0;115840;0;149320;331570;38153;0;75700;0
lunes, 17 de enero de 2022;Monday;614578;88960;0;10960;0;163902;0;98870;221589;24107;0;6190;0
martes, 18 de enero de 2022;Tuesday;950486;64950;78914;284503;0;78790;0;97180;251443;78336;0;16370;0
miércoles, 19 de enero de 2022;Wednesday;1184165;173745;0;232510;0;169191;0;140730;356330;73928;6990;30741;0
jueves, 20 de enero de 2022;Thursday;1120877;118280;0;315519;0;162072;0;170380;290560;57876;0;6190;0
viernes, 21 de enero de 2022;Friday;3477634;221014;111562;1163250;0;368140;8020;500960;822880;128426;0;153382;0
sábado, 22 de enero de 2022;Saturday;1240634;125720;77308;202222;0;148122;0;165180;387190;113422;0;21470;0
domingo, 23 de enero de 2022;Sunday;1395795;138989;0;216170;0;165190;0;299850;509570;38266;0;27760;0
lunes, 24 de enero de 2022;Monday;704956;61380;0;54900;0;125950;0;141530;258730;29815;0;23171;9480
martes, 25 de enero de 2022;Tuesday;563813;79466;0;116656;0;47531;0;63320;206120;38440;0;12280;0
miércoles, 26 de enero de 2022;Wednesday;901853;174981;0;144688;0;140530;0;60150;259890;72894;0;48720;0
jueves, 27 de enero de 2022;Thursday;1328872;121710;15444;326423;0;172580;0;238601;318030;95054;0;41030;0
viernes, 28 de enero de 2022;Friday;1824884;73016;0;492076;0;291340;0;487112;350710;13990;0;116640;0
sábado, 29 de enero de 2022;Saturday;1497528;102702;0;217585;0;324240;0;466838;315850;14193;0;56120;0
domingo, 30 de enero de 2022;Sunday;1221164;81142;0;304099;38930;234580;0;227626;165200;81897;0;87690;0
lunes, 31 de enero de 2022;Monday;512743;34770;0;10780;5990;88270;0;179786;107130;29297;0;56720;0
martes, 1 de febrero de 2022;Tuesday;782808;50930;0;212810;0;144810;0;155300;122600;62358;0;34000;0
miércoles, 2 de febrero de 2022;Wednesday;876679;45837;0;434771;11980;66030;3110;95700;130200;39131;0;49920;0
jueves, 3 de febrero de 2022;Thursday;1164119;101764;0;278252;0;276031;3610;150640;272800;54072;0;26950;0
viernes, 4 de febrero de 2022;Friday;1779408;172745;67540;477035;32558;236800;2896;332810;301610;91009;0;64405;0
sábado, 5 de febrero de 2022;Saturday;1121828;113021;0;391751;23960;159390;0;192600;176450;52876;0;11780;0
domingo, 6 de febrero de 2022;Sunday;667101;64735;0;225290;0;81780;0;97470;156250;27396;0;14180;0
lunes, 7 de febrero de 2022;Monday;459754;43370;0;57430;0;117231;0;63820;116760;37173;0;23970;0
martes, 8 de febrero de 2022;Tuesday;1104922;124472;87637;395867;0;125130;0;141630;103740;57635;0;68811;0
miércoles, 9 de febrero de 2022;Wednesday;763782;153603;23386;203981;0;82680;0;62120;168440;69572;0;0;0
jueves, 10 de febrero de 2022;Thursday;1081353;127840;70988;274023;0;72110;0;195340;222440;92552;0;26060;0
viernes, 11 de febrero de 2022;Friday;1732655;290181;93632;431935;71813;248610;4795;122160;291420;128484;0;49625;0
sábado, 12 de febrero de 2022;Saturday;1151124;188225;0;195759;23460;98870;10220;152310;354190;84570;0;43520;0
domingo, 13 de febrero de 2022;Sunday;1083945;176937;98116;215162;19816;178570;0;177090;143930;15104;0;59220;0
lunes, 14 de febrero de 2022;Monday;1794641;212447;89816;657061;18470;227130;0;150510;379225;46102;0;13880;0
martes, 15 de febrero de 2022;Tuesday;762618;78540;31856;140220;1190;124030;0;105460;249295;17247;0;14780;0
miércoles, 16 de febrero de 2022;Wednesday;1152824;107414;25800;571265;0;81010;0;148410;177085;20980;0;20860;0
jueves, 17 de febrero de 2022;Thursday;1084048;111530;9768;182084;29656;242423;0;214830;241205;41272;0;11280;0
viernes, 18 de febrero de 2022;Friday;1764827;63025;0;536129;0;252183;4710;334940;426725;107885;0;39230;0
sábado, 19 de febrero de 2022;Saturday;1866828;193591;0;587767;0;242363;0;201160;548585;79782;0;13580;0
domingo, 20 de febrero de 2022;Sunday;1151660;157070;0;278059;0;176982;0;144140;278410;66069;0;50930;0
lunes, 21 de febrero de 2022;Monday;674085;60080;10780;83240;0;58210;0;84400;271400;53635;0;52340;0
martes, 22 de febrero de 2022;Tuesday;1121503;152326;11980;298165;0;174470;0;94090;272695;62336;0;55441;0
miércoles, 23 de febrero de 2022;Wednesday;776405;61750;11980;173464;0;121340;0;220940;109960;59981;0;16990;0
jueves, 24 de febrero de 2022;Thursday;1355312;346651;57360;240579;46307;171380;0;166520;314535;5990;0;5990;0
viernes, 25 de febrero de 2022;Friday;2566635;166107;84712;732300;0;402290;0;302720;801200;26386;0;50920;0
sábado, 26 de febrero de 2022;Saturday;1785134;40230;0;480824;24706;303400;186;154810;592785;109879;0;78314;0
domingo, 27 de febrero de 2022;Sunday;1112346;165152;31724;190190;0;142700;0;122570;357750;32440;0;69820;0
lunes, 28 de febrero de 2022;Monday;833918;68847;41492;194511;0;129350;0;61120;223048;55430;0;60120;0
martes, 1 de marzo de 2022;Tuesday;979169;62440;0;254939;0;174700;0;103800;277234;53626;0;52430;0
miércoles, 2 de marzo de 2022;Wednesday;814010;49308;0;314013;0;178170;0;101220;87142;20126;47751;16280;0
jueves, 3 de marzo de 2022;Thursday;1219007;81539;0;332690;7990;228350;0;154530;365355;27183;0;21370;0
viernes, 4 de marzo de 2022;Friday;1954650;201700;66726;415455;0;186450;2667;294640;515995;172714;0;98303;0
sábado, 5 de marzo de 2022;Saturday;2099412;92399;0;768326;0;280910;35990;287260;485681;96216;0;52630;0
domingo, 6 de marzo de 2022;Sunday;1138169;57360;0;172264;0;132400;4110;175890;488463;65246;23276;19160;0
lunes, 7 de marzo de 2022;Monday;801497;92862;0;172793;0;135530;0;119460;249705;31147;0;0;0
martes, 8 de marzo de 2022;Tuesday;1114786;70627;168766;352511;0;124730;0;115260;196815;17247;0;68830;0
miércoles, 9 de marzo de 2022;Wednesday;971832;101419;28457;346901;0;118740;0;97820;194826;31329;0;52340;0
jueves, 10 de marzo de 2022;Thursday;984393;101356;0;296106;0;65810;0;150810;272564;35217;0;62530;0
viernes, 11 de marzo de 2022;Friday;2001417;174640;8939;632889;0;326210;0;244640;417773;70696;0;125630;0
sábado, 12 de marzo de 2022;Saturday;1743808;144518;8547;377917;0;300920;0;133030;686730;56386;0;35760;0
domingo, 13 de marzo de 2022;Sunday;1311067;199544;83386;335983;0;120640;3110;79820;474391;14193;0;0;0
lunes, 14 de marzo de 2022;Monday;511411;30500;0;138529;0;135620;3110;36950;97496;13696;0;55510;0
martes, 15 de marzo de 2022;Tuesday;829104;97609;27005;325019;0;121550;0;57340;108549;47592;5990;38450;0
miércoles, 16 de marzo de 2022;Wednesday;1018811;51556;127313;326302;0;160470;0;85610;190560;33160;0;43840;0
jueves, 17 de marzo de 2022;Thursday;1150641;109754;61056;276667;0;146790;0;186510;277012;80772;0;12080;0
viernes, 18 de marzo de 2022;Friday;2085799;87817;53643;759959;0;298080;0;162230;545694;116266;0;62110;0
sábado, 19 de marzo de 2022;Saturday;1274491;50959;68486;398734;0;232990;5010;77910;308613;89049;0;42740;0
domingo, 20 de marzo de 2022;Sunday;1279315;147292;47509;269155;0;199520;510;96200;394261;42178;0;82690;0
lunes, 21 de marzo de 2022;Monday;618154;51160;32065;69853;0;95760;0;75910;245476;0;0;47930;0
martes, 22 de marzo de 2022;Tuesday;589645;88010;29106;181194;0;94270;7520;48640;120249;13696;0;6960;0
miércoles, 23 de marzo de 2022;Wednesday;866284;31370;93786;172031;0;172770;0;85110;236998;31879;0;42340;0
jueves, 24 de marzo de 2022;Thursday;1371026;73446;20416;465972;0;190750;0;185790;312464;81048;0;41140;0
viernes, 25 de marzo de 2022;Friday;1870769;119881;119614;462725;0;360160;10;288170;432939;0;0;87270;0
sábado, 26 de marzo de 2022;Saturday;1816496;62756;0;572115;0;456620;0;122960;523035;29980;0;49030;0
domingo, 27 de marzo de 2022;Sunday;977296;66684;9980;187440;0;204310;0;113470;248889;89573;24000;32950;0
lunes, 28 de marzo de 2022;Monday;701153;101733;0;162939;0;112460;8820;92680;120700;13971;0;87850;0
martes, 29 de marzo de 2022;Tuesday;1224098;98217;0;384931;0;370520;3110;140220;184270;5990;0;36840;0
miércoles, 30 de marzo de 2022;Wednesday;1064860;83385;49951;409124;0;151130;0;101580;210960;20980;0;37750;0
jueves, 31 de marzo de 2022;Thursday;1237481;126709;12067;392345;0;138550;0;158910;341070;0;0;67830;0
viernes, 1 de abril de 2022;Friday;2203043;216818;53251;856149;36450;362170;3710;412110;136350;116965;0;9070;0
sábado, 2 de abril de 2022;Saturday;2166463;105470;209429;798060;0;252090;0;154530;503530;72648;30756;39950;0
domingo, 3 de abril de 2022;Sunday;1130702;150001;0;382773;0;174790;5510;124850;252600;40178;0;0;0
lunes, 4 de abril de 2022;Monday;718200;86270;18380;283788;1328;61320;0;61630;179400;26084;0;0;0
martes, 5 de abril de 2022;Tuesday;682564;67248;17556;253770;0;122960;0;77200;133850;0;0;9980;0
miércoles, 6 de abril de 2022;Wednesday;893587;33850;183227;396937;0;51930;0;62630;73820;49143;0;42050;0
jueves, 7 de abril de 2022;Thursday;827643;105428;21417;246485;33000;54120;2926;63020;249910;44673;0;6664;0
viernes, 8 de abril de 2022;Friday;2064013;164793;0;765565;0;255760;0;196970;549840;97925;0;33160;0
sábado, 9 de abril de 2022;Saturday;1668086;127398;66770;624904;0;201840;0;162320;337540;92984;0;54330;0
domingo, 10 de abril de 2022;Sunday;944407;120524;16469;198608;0;132430;0;54340;324550;37376;0;60110;0
lunes, 11 de abril de 2022;Monday;447039;38790;0;91448;0;86690;0;55940;103410;47491;0;23270;0
martes, 12 de abril de 2022;Tuesday;596664;104734;0;201470;0;118260;0;41470;130730;0;0;0;0
miércoles, 13 de abril de 2022;Wednesday;1133571;44818;63002;445327;21234;187180;1491;131840;159860;14990;0;63829;0
jueves, 14 de abril de 2022;Thursday;1771420;165707;22187;710119;0;212230;0;219840;321710;45707;0;73920;0
viernes, 15 de abril de 2022;Friday;1546608;113282;7590;546116;0;226620;0;230660;396080;18470;0;7790;0
sábado, 16 de abril de 2022;Saturday;1423133;144054;17457;244813;0;240420;0;115860;444480;128759;24070;63220;0
domingo, 17 de abril de 2022;Sunday;752719;84068;142997;117314;0;32270;0;73420;256900;27980;0;17770;0
lunes, 18 de abril de 2022;Monday;570184;139696;8239;62807;19316;29060;0;112696;127760;0;0;70610;0
martes, 19 de abril de 2022;Tuesday;793915;144222;88374;254724;0;90180;0;55828;102790;31727;0;26070;0
miércoles, 20 de abril de 2022;Wednesday;695970;121483;35145;84439;0;120280;0;104590;180970;33183;0;15880;0
jueves, 21 de abril de 2022;Thursday;918168;75895;73590;280720;0;122400;0;130574;120410;67493;29106;17980;0
viernes, 22 de abril de 2022;Friday;1710356;184204;142351;549647;0;106070;0;110964;508050;78410;0;30660;0
sábado, 23 de abril de 2022;Saturday;1342052;96392;20317;480168;0;201770;0;157256;290220;60809;0;35120;0
domingo, 24 de abril de 2022;Sunday;970416;38510;26406;249989;0;206280;2014;110178;222800;76343;0;37896;0
lunes, 25 de abril de 2022;Monday;367236;51006;10980;54734;0;26780;0;79876;143860;0;0;0;0
martes, 26 de abril de 2022;Tuesday;423972;31000;14480;107063;0;61550;0;48580;129320;26089;0;5890;0
miércoles, 27 de abril de 2022;Wednesday;1704292;108410;156354;457972;0;290740;0;258568;342920;60168;0;29160;0
jueves, 28 de abril de 2022;Thursday;1067523;89090;50534;285894;0;223990;0;124782;275040;18193;0;0;0
viernes, 29 de abril de 2022;Friday;2107825;112472;59631;1077333;0;171810;2630;248484;306330;68509;28886;31740;0
sábado, 30 de abril de 2022;Saturday;2526942;234259;85214;1120825;0;230530;1310;195370;370760;223067;25267;40340;0
domingo, 1 de mayo de 2022;Sunday;1561821;287780;111595;370810;0;251840;1714;102842;303480;122770;0;8990;0
lunes, 2 de mayo de 2022;Monday;793074;80149;12298;254711;0;56830;0;152496;228200;0;0;8390;0
martes, 3 de mayo de 2022;Tuesday;927038;117310;0;67914;0;179080;0;183988;265600;96366;0;16780;0
miércoles, 4 de mayo de 2022;Wednesday;828066;72865;100199;202577;0;108350;0;118226;175390;34079;0;16380;0
jueves, 5 de mayo de 2022;Thursday;1171247;100570;26796;444486;0;131440;0;68236;328130;71589;0;0;0
viernes, 6 de mayo de 2022;Friday;2319824;185819;285865;691973;0;222390;3878;325352;438220;119045;0;47282;0
sábado, 7 de mayo de 2022;Saturday;1459791;191853;63211;511210;0;105890;0;103170;403410;51277;14990;14780;0
domingo, 8 de mayo de 2022;Sunday;1115155;118268;140125;273397;0;181010;0;15482;254210;82703;0;49960;0
lunes, 9 de mayo de 2022;Monday;831892;116430;72050;240089;0;49540;2676;83590;214390;24183;0;28944;0
martes, 10 de mayo de 2022;Tuesday;685086;65920;16478;327415;0;58830;0;80230;90750;39173;0;6290;0
miércoles, 11 de mayo de 2022;Wednesday;1206144;169670;240709;200449;0;240010;0;58730;166170;40237;66099;24070;0
jueves, 12 de mayo de 2022;Thursday;1240538;84305;34375;398105;0;308850;2650;110790;238070;38773;0;24620;0
viernes, 13 de mayo de 2022;Friday;2058803;143183;252290;676828;0;214240;0;151300;464670;147302;0;8990;0
sábado, 14 de mayo de 2022;Saturday;2352146;88584;180280;1041145;0;300420;2839;148640;407840;104842;39545;38011;0
domingo, 15 de mayo de 2022;Sunday;976443;95773;0;582937;0;118130;0;46940;94990;37673;0;0;0
lunes, 16 de mayo de 2022;Monday;956104;117595;0;560796;0;26170;0;47150;166510;17203;0;20680;0
martes, 17 de mayo de 2022;Tuesday;737222;48780;13398;209352;22616;143670;0;100990;147550;44876;0;5990;0
miércoles, 18 de mayo de 2022;Wednesday;542481;74189;43813;310454;0;32470;0;24580;30492;26483;0;0;0
jueves, 19 de mayo de 2022;Thursday;1128651;210452;78463;476412;0;111760;0;24780;109481;72143;0;45160;0
viernes, 20 de mayo de 2022;Friday;1681550;215313;77869;714594;0;132870;0;44960;349201;87503;0;59240;0
sábado, 21 de mayo de 2022;Saturday;1500472;211834;0;651282;0;215200;1594;136970;173222;66514;0;43856;0
domingo, 22 de mayo de 2022;Sunday;872721;71188;42284;276210;0;115640;0;58850;248370;60179;0;0;0
lunes, 23 de mayo de 2022;Monday;463670;64976;135391;72575;0;39910;1238;18980;65260;18193;28105;19042;0
martes, 24 de mayo de 2022;Tuesday;861814;59197;105358;471066;0;16580;0;52850;121990;34773;0;0;0
miércoles, 25 de mayo de 2022;Wednesday;497447;88631;0;165407;0;39260;0;87220;58040;58889;0;0;0
jueves, 26 de mayo de 2022;Thursday;1013000;102924;71782;472475;0;35660;0;63340;201500;54329;0;10990;0
viernes, 27 de mayo de 2022;Friday;1773364;180374;253431;798587;0;165730;0;103100;258062;6990;0;7090;0
sábado, 28 de mayo de 2022;Saturday;6818287;418572;287097;2969978;0;970050;0;316690;1173161;401415;61314;220010;0
domingo, 29 de mayo de 2022;Sunday;0;0;0;0;0;0;0;0;0;0;0;0;0
lunes, 30 de mayo de 2022;Monday;719041;44830;0;291098;0;207970;0;36860;100850;27983;0;9450;0
martes, 31 de mayo de 2022;Tuesday;850102;45798;60093;344685;0;158410;3417;21280;166570;41976;0;7873;0
miércoles, 1 de junio de 2022;Wednesday;602444;45728;0;255935;0;149010;0;18080;74261;59430;0;0;0
jueves, 2 de junio de 2022;Thursday;1182298;134649;97812;509540;0;142270;0;51940;166441;36786;0;42860;0
viernes, 3 de junio de 2022;Friday;2562094;451504;16478;1399104;0;104500;0;43960;237622;285746;0;23180;0
sábado, 4 de junio de 2022;Saturday;1647552;115331;34683;631788;0;208680;0;111490;388711;125009;20870;10990;0
domingo, 5 de junio de 2022;Sunday;1125197;265629;94484;410369;0;36760;0;32770;163050;122135;0;0;0
lunes, 6 de junio de 2022;Monday;749689;160215;57616;301488;0;38770;0;32360;159240;0;0;0;0
martes, 7 de junio de 2022;Tuesday;801458;100928;116716;295856;0;38220;0;94870;134660;20208;0;0;0
miércoles, 8 de junio de 2022;Wednesday;840296;108027;35156;478129;0;83410;0;7990;109391;18193;0;0;0
jueves, 9 de junio de 2022;Thursday;832982;109645;75361;345906;0;75520;0;8590;217960;0;0;0;0
viernes, 10 de junio de 2022;Friday;1784365;147117;82407;790300;0;208930;0;20480;454883;72258;0;7990;0
sábado, 11 de junio de 2022;Saturday;1284128;111791;43934;565337;0;146790;0;62700;261050;75846;0;16680;0
domingo, 12 de junio de 2022;Sunday;1106349;74324;110737;513321;0;70640;0;44850;204461;78566;0;9450;0
lunes, 13 de junio de 2022;Monday;1608313;383082;107488;774743;0;35560;0;53460;213042;13980;0;26958;0
martes, 14 de junio de 2022;Tuesday;794922;43090;46118;441750;0;80710;0;20280;116101;38183;0;8690;0
miércoles, 15 de junio de 2022;Wednesday;954931;159835;27456;537868;0;66040;0;28170;57290;78272;0;0;0
jueves, 16 de junio de 2022;Thursday;699953;89628;40722;256242;0;53450;0;55340;162521;16980;0;25070;0
viernes, 17 de junio de 2022;Friday;2725197;204749;263868;1560045;0;125880;2324;187440;348532;23793;0;8566;0
sábado, 18 de junio de 2022;Saturday;1965251;111086;218063;1012911;0;78980;0;116900;284133;132588;0;10590;0
domingo, 19 de junio de 2022;Sunday;933528;128915;36006;483343;0;33670;0;24470;208931;18193;0;0;0
lunes, 20 de junio de 2022;Monday;1624229;230070;35167;857993;0;156940;0;10990;186860;128129;0;18080;0
martes, 21 de junio de 2022;Tuesday;1294279;184925;83571;651781;0;66090;0;56240;159900;69782;0;21990;0
miércoles, 22 de junio de 2022;Wednesday;805617;39460;104445;366902;0;71100;0;27970;124181;71559;0;0;0
jueves, 23 de junio de 2022;Thursday;982064;43679;210032;403090;0;42250;4090;62850;138940;61343;0;15790;0
viernes, 24 de junio de 2022;Friday;2440248;74034;191829;1357576;0;77440;2570;193920;380900;135109;0;26870;0
sábado, 25 de junio de 2022;Saturday;1698661;153797;141680;868066;0;95220;0;31030;351402;57466;0;0;0
domingo, 26 de junio de 2022;Sunday;1253698;215249;110044;470851;0;170310;0;16380;92960;141447;27467;8990;0
lunes, 27 de junio de 2022;Monday;964770;205292;129216;261703;0;64490;0;86610;165910;40559;0;10990;0
martes, 28 de junio de 2022;Tuesday;835724;71576;132435;361983;0;26970;0;69990;172770;0;0;0;0
miércoles, 29 de junio de 2022;Wednesday;733549;32400;29436;464770;0;56100;0;60550;61810;18193;0;10290;0
jueves, 30 de junio de 2022;Thursday;1417949;129303;40000;845503;17578;31170;0;10990;275151;57264;0;10990;0
viernes, 1 de julio de 2022;Friday;2339717;158456;44462;1596936;0;56540;0;73650;270864;97259;0;41550;0
sábado, 2 de julio de 2022;Saturday;2076457;194866;166734;1095084;0;161040;0;104510;320931;23842;0;9450;0
domingo, 3 de julio de 2022;Sunday;2098515;347407;193394;971066;0;42250;3373;38270;401712;67656;0;33387;0
lunes, 4 de julio de 2022;Monday;1142946;147016;8000;815490;0;16480;0;30580;125380;0;0;0;0
martes, 5 de julio de 2022;Tuesday;925189;93821;85517;500261;0;74810;0;29970;140810;0;0;0;0
miércoles, 6 de julio de 2022;Wednesday;789224;41527;34276;407086;0;19780;0;80250;133960;72345;0;0;0
jueves, 7 de julio de 2022;Thursday;1201669;184888;156656;459185;0;96830;2939;52050;207791;21599;0;19731;0
viernes, 8 de julio de 2022;Friday;2230524;126580;333028;1087963;0;62240;0;73440;497500;21203;0;28570;0
sábado, 9 de julio de 2022;Saturday;502125;46908;39545;163519;0;140430;0;0;74640;31193;0;5890;0
domingo, 10 de julio de 2022;Sunday;824762;63360;0;398099;0;114040;0;7890;127810;113563;0;0;0
lunes, 11 de julio de 2022;Monday;1058317;265743;96161;504433;0;32270;0;9690;112280;37740;0;0;0
martes, 12 de julio de 2022;Tuesday;1511799;100773;99718;1085398;0;50150;0;55860;119900;0;0;0;0
miércoles, 13 de julio de 2022;Wednesday;962836;122878;124583;429564;0;63840;0;18280;125632;69769;0;8290;0
jueves, 14 de julio de 2022;Thursday;1703721;89326;170874;983874;0;28870;0;34170;292951;50396;0;53260;0
viernes, 15 de julio de 2022;Friday;2158840;114838;0;1405389;0;88110;0;19580;366244;144699;8990;10990;0
sábado, 16 de julio de 2022;Saturday;3012742;294183;92939;2011357;6589;126290;0;102800;256452;79572;0;42560;0
domingo, 17 de julio de 2022;Sunday;1036880;92616;95513;403664;0;126400;0;9690;261310;47687;0;0;0
lunes, 18 de julio de 2022;Monday;645591;62630;122892;338638;0;21980;0;19740;79711;0;0;0;0
martes, 19 de julio de 2022;Tuesday;890312;99523;164516;362910;0;72330;0;48350;99210;10503;0;32970;0
miércoles, 20 de julio de 2022;Wednesday;1065008;91603;0;794642;0;10290;0;102070;55413;0;0;10990;0
jueves, 21 de julio de 2022;Thursday;1365127;122792;34056;749908;0;99080;0;54620;216012;77669;0;10990;0
viernes, 22 de julio de 2022;Friday;3883326;439134;676390;1551452;0;283500;0;172020;689280;20580;0;50970;0
sábado, 23 de julio de 2022;Saturday;1620795;180037;92074;753476;0;69520;0;122980;285191;85337;0;32180;0
domingo, 24 de julio de 2022;Sunday;1147904;122107;52120;599519;0;36060;0;125980;159931;52187;0;0;0
lunes, 25 de julio de 2022;Monday;633828;98715;47553;198055;0;10990;0;49350;160512;31193;0;37460;0
martes, 26 de julio de 2022;Tuesday;630746;172287;63004;170211;0;39660;0;0;138151;37983;0;9450;0
miércoles, 27 de julio de 2022;Wednesday;811999;62137;79860;501971;0;21880;0;41370;88801;0;0;15980;0
jueves, 28 de julio de 2022;Thursday;1447880;73887;91047;984648;0;0;0;31430;186431;51677;0;28760;0
viernes, 29 de julio de 2022;Friday;2852330;299047;132143;1464787;0;126070;0;250390;427212;115021;0;37660;0
sábado, 30 de julio de 2022;Saturday;2109088;122956;40084;1299752;0;156760;0;37570;344660;88136;0;19170;0
domingo, 31 de julio de 2022;Sunday;1042572;124388;3590;500193;0;63040;0;54960;231661;64740;0;0;0
lunes, 1 de agosto de 2022;Monday;844718;244198;0;546370;0;0;0;0;20880;0;17990;15280;0
martes, 2 de agosto de 2022;Tuesday;849636;111975;58278;397541;0;39460;0;75330;167052;0;0;0;0
miércoles, 3 de agosto de 2022;Wednesday;968858;96540;58069;576869;0;96710;0;11190;109200;0;0;20280;0
jueves, 4 de agosto de 2022;Thursday;1351715;45872;146443;668053;0;87010;0;32270;314901;57166;0;0;0
viernes, 5 de agosto de 2022;Friday;2907849;150526;191323;1785147;39920;157260;0;107010;403030;44463;0;29170;0
sábado, 6 de agosto de 2022;Saturday;1483251;237673;68288;802594;0;54850;0;92520;129300;48896;0;49130;0
domingo, 7 de agosto de 2022;Sunday;1061372;87944;36124;489747;31;175300;0;29270;199773;21203;0;21980;0
lunes, 8 de agosto de 2022;Monday;469586;25909;0;194794;0;87300;0;9450;111360;40773;0;0;0
martes, 9 de agosto de 2022;Tuesday;870174;39188;57662;516127;0;20480;0;10990;141450;78087;0;6190;0
miércoles, 10 de agosto de 2022;Wednesday;1331821;52346;88560;912334;0;61150;0;10990;173971;0;0;32470;0
jueves, 11 de agosto de 2022;Thursday;1728350;120438;127919;982851;0;75420;0;74050;222653;86559;0;38460;0
viernes, 12 de agosto de 2022;Friday;2290059;138715;158757;1357318;0;192150;0;10990;222140;164239;0;45750;0
sábado, 13 de agosto de 2022;Saturday;2876297;556449;247823;1425538;0;207620;1094;85910;234894;45873;49610;21486;0
domingo, 14 de agosto de 2022;Sunday;1188925;205012;104160;507090;0;110050;0;0;76120;176403;0;10090;0
lunes, 15 de agosto de 2022;Monday;797665;69615;43164;427626;0;70830;0;34670;102700;0;0;49060;0
martes, 16 de agosto de 2022;Tuesday;500005;49138;0;286317;0;34770;0;0;129780;0;0;0;0
miércoles, 17 de agosto de 2022;Wednesday;496540;20000;0;193970;0;49000;0;8590;181030;43950;0;0;0
jueves, 18 de agosto de 2022;Thursday;968566;118988;43505;480033;0;58350;0;10990;152910;67230;0;36560;0
viernes, 19 de agosto de 2022;Friday;2454104;212604;98109;992915;0;181780;0;148950;369632;109080;301774;39260;0
sábado, 20 de agosto de 2022;Saturday;3786084;326094;317157;1612365;0;255340;0;103890;674412;473746;0;23080;0
domingo, 21 de agosto de 2022;Sunday;1081298;151046;0;598988;0;19180;0;62340;198833;50911;0;0;0
lunes, 22 de agosto de 2022;Monday;579886;60398;13929;373389;0;7590;0;10290;106000;0;0;8290;0
martes, 23 de agosto de 2022;Tuesday;813210;86712;50193;458451;0;49610;0;42750;112201;0;13293;0;0
miércoles, 24 de agosto de 2022;Wednesday;879181;166741;125763;317477;0;28470;0;80120;104220;46940;0;9450;0
jueves, 25 de agosto de 2022;Thursday;1407717;228164;93561;620879;0;62050;0;47410;218261;38260;68662;30470;0
viernes, 26 de agosto de 2022;Friday;2488943;111993;289125;1102197;0;188260;0;120410;409601;105130;162227;0;0
sábado, 27 de agosto de 2022;Saturday;2055169;211683;188801;1069688;0;79430;0;125880;289561;70646;0;19480;0
domingo, 28 de agosto de 2022;Sunday;1398950;233091;131271;788728;0;61540;0;58940;99610;17480;0;8290;0
lunes, 29 de agosto de 2022;Monday;600981;155918;59933;143570;0;59230;0;36960;85430;59940;0;0;0
martes, 30 de agosto de 2022;Tuesday;1101364;118006;127666;570212;0;64420;0;22480;146130;16980;0;35470;0
miércoles, 31 de agosto de 2022;Wednesday;1092683;135049;0;804344;0;34720;0;54440;32960;31170;0;0;0
jueves, 1 de septiembre de 2022;Thursday;1603870;125143;205463;969854;0;108730;0;58040;136640;0;0;0;0
viernes, 2 de septiembre de 2022;Friday;2931327;287291;45625;1759521;0;179330;0;100610;435772;102998;7290;12890;0
sábado, 3 de septiembre de 2022;Saturday;2539091;172507;326744;1219767;0;254190;5300;134340;337723;42560;0;45960;0
domingo, 4 de septiembre de 2022;Sunday;915072;36200;0;22470;0;193420;0;192380;294482;87910;0;88210;0
lunes, 5 de septiembre de 2022;Monday;1090719;180897;61589;537023;0;53110;0;21990;236110;0;0;0;0
martes, 6 de septiembre de 2022;Tuesday;1098073;55937;349545;340451;0;135520;0;8590;134940;34270;0;38820;0
miércoles, 7 de septiembre de 2022;Wednesday;1067980;176804;68363;501723;0;96700;0;87730;106780;16990;0;12890;0
jueves, 8 de septiembre de 2022;Thursday;2644325;146398;108306;1206919;0;218600;0;349660;519342;81920;0;13180;0
viernes, 9 de septiembre de 2022;Friday;2512289;160616;65862;1612021;0;147760;0;148430;267480;88130;0;21990;0
sábado, 10 de septiembre de 2022;Saturday;2374991;271565;117284;1190691;0;142660;0;178350;374431;92020;0;7990;0
domingo, 11 de septiembre de 2022;Sunday;1346745;127735;137269;598267;0;129290;0;54150;161013;124031;0;14990;0
lunes, 12 de septiembre de 2022;Monday;658071;66148;18678;414534;0;0;0;10990;118951;9790;0;18980;0
martes, 13 de septiembre de 2022;Tuesday;1272732;89578;23150;981644;0;52900;0;0;66920;58540;0;0;0
miércoles, 14 de septiembre de 2022;Wednesday;1727859;174754;213378;909469;0;138230;0;94820;84440;100910;11858;0;0
jueves, 15 de septiembre de 2022;Thursday;4079402;245634;427592;2545449;137337;158940;0;182010;284920;68540;0;28980;0
viernes, 16 de septiembre de 2022;Friday;1507439;58420;212392;832817;0;131670;0;126880;129480;15780;0;0;0
sábado, 17 de septiembre de 2022;Saturday;1340791;122008;95975;600087;0;45470;0;112150;318331;38480;0;8290;0
domingo, 18 de septiembre de 2022;Sunday;0;0;0;0;0;0;0;0;0;0;0;0;0
lunes, 19 de septiembre de 2022;Monday;0;0;0;0;0;0;0;0;0;0;0;0;0
martes, 20 de septiembre de 2022;Tuesday;591808;71945;99836;217107;0;26970;0;22340;137870;6290;0;9450;0
miércoles, 21 de septiembre de 2022;Wednesday;970465;135833;67496;369776;0;68990;0;30730;283660;13980;0;0;0
jueves, 22 de septiembre de 2022;Thursday;1607381;196853;35970;944826;0;74080;0;57240;226692;49740;0;21980;0
viernes, 23 de septiembre de 2022;Friday;3154693;188208;283810;1513675;0;203970;0;254660;564530;113910;0;31930;0
sábado, 24 de septiembre de 2022;Saturday;1678712;71268;145090;1014634;0;34820;0;47050;286940;65930;0;12980;0
domingo, 25 de septiembre de 2022;Sunday;1092000;228878;26356;435105;0;49650;0;52350;262891;0;0;36770;0
lunes, 26 de septiembre de 2022;Monday;1184520;174800;149927;593893;0;92580;0;0;105570;67750;0;0;0
martes, 27 de septiembre de 2022;Tuesday;940789;95906;67738;472074;0;12240;0;48610;236631;0;0;7590;0
miércoles, 28 de septiembre de 2022;Wednesday;1136481;107479;147473;626259;0;61150;0;31870;106710;55540;0;0;0
jueves, 29 de septiembre de 2022;Thursday;1369166;68496;21328;928922;0;67690;7958;59840;187030;13980;0;13922;0
viernes, 30 de septiembre de 2022;Friday;3319223;260128;34594;2061135;0;132040;10960;266660;421912;120680;0;11114;0
sábado, 1 de octubre de 2022;Saturday;2777667;264633;259649;1524539;0;145510;0;132470;312746;117680;0;20440;0
domingo, 2 de octubre de 2022;Sunday;1219392;184414;117854;464064;0;130070;0;82190;187350;38770;0;14680;0
lunes, 3 de octubre de 2022;Monday;915365;50378;62832;516124;0;81520;0;10290;194221;0;0;0;0
martes, 4 de octubre de 2022;Tuesday;1384191;103373;48334;826271;0;39620;0;52150;247762;66681;0;0;0
miércoles, 5 de octubre de 2022;Wednesday;988037;65857;142313;432055;0;107310;0;48150;107542;73630;0;11180;0
jueves, 6 de octubre de 2022;Thursday;2335808;272629;373167;1328090;0;39950;0;55750;210772;49260;0;6190;0
viernes, 7 de octubre de 2022;Friday;3120424;106231;181555;2018466;0;212490;0;146770;374592;56440;0;23880;0
sábado, 8 de octubre de 2022;Saturday;2471268;127523;282121;1400512;0;172790;0;54440;340862;56760;0;36260;0
domingo, 9 de octubre de 2022;Sunday;1900209;299895;117783;819229;0;162240;0;124580;321022;55460;0;0;0
lunes, 10 de octubre de 2022;Monday;969287;201298;22946;491243;0;71710;0;63040;88270;30780;0;0;0
martes, 11 de octubre de 2022;Tuesday;820339;120590;69212;487267;0;32770;0;40760;39970;18780;0;10990;0
miércoles, 12 de octubre de 2022;Wednesday;1430737;115882;243559;670906;0;150840;0;10990;162240;65330;0;10990;0
jueves, 13 de octubre de 2022;Thursday;1136961;138431;20867;685992;0;114440;0;33470;130771;12990;0;0;0
viernes, 14 de octubre de 2022;Friday;3343395;178577;600435;1926253;0;176890;0;114990;277620;31970;0;36660;0
sábado, 15 de octubre de 2022;Saturday;2534553;130362;434028;1157033;0;152210;0;131630;444850;62460;0;21980;0
domingo, 16 de octubre de 2022;Sunday;1326652;219398;192554;569649;0;106930;0;78230;159891;0;0;0;0
lunes, 17 de octubre de 2022;Monday;891038;102335;31859;487173;0;10990;0;73440;112791;50470;0;21980;0
martes, 18 de octubre de 2022;Tuesday;1933156;333115;123233;907286;0;199720;0;21280;310042;38480;0;0;0
miércoles, 19 de octubre de 2022;Wednesday;1022561;119845;68981;688125;0;49860;0;37260;23470;28270;0;6750;0
jueves, 20 de octubre de 2022;Thursday;1368879;78415;177333;783731;0;21980;0;87120;147580;54140;0;18580;0
viernes, 21 de octubre de 2022;Friday;8026380;811837;625417;4335823;0;609120;0;476370;957213;155640;0;54960;0
sábado, 22 de octubre de 2022;Saturday;0;0;0;0;0;0;0;0;0;0;0;0;0
domingo, 23 de octubre de 2022;Sunday;1247756;93531;177925;476419;0;140580;1960;42460;224971;67340;0;22570;0
lunes, 24 de octubre de 2022;Monday;619613;85573;0;386940;0;38710;0;31570;60640;9990;0;6190;0
martes, 25 de octubre de 2022;Tuesday;913849;151363;35156;460820;0;113240;0;39860;103920;9490;0;0;0
miércoles, 26 de octubre de 2022;Wednesday;1180065;74526;76949;704000;0;83710;0;50850;145270;44760;0;0;0
jueves, 27 de octubre de 2022;Thursday;1772836;175494;135102;1086032;0;52140;3298;32370;179820;102090;0;6490;0
viernes, 28 de octubre de 2022;Friday;2759234;94172;158518;1648224;0;262940;0;167860;377580;41550;0;8390;0
sábado, 29 de octubre de 2022;Saturday;1631868;166683;175508;725164;0;60940;0;123540;344363;20490;0;15180;0
domingo, 30 de octubre de 2022;Sunday;1417732;79312;78826;848004;0;102710;0;81620;162510;64750;0;0;0
lunes, 31 de octubre de 2022;Monday;1591110;197783;82659;533347;0;116970;0;217150;307611;135590;0;0;0
martes, 1 de noviembre de 2022;Tuesday;1436016;125319;90150;818355;0;80210;0;83590;208172;20770;0;9450;0
miércoles, 2 de noviembre de 2022;Wednesday;774083;91521;44319;429443;0;63500;0;32070;69250;0;0;43980;0
jueves, 3 de noviembre de 2022;Thursday;1383749;126453;256685;688190;0;7990;0;83770;195781;24880;0;0;0
viernes, 4 de noviembre de 2022;Friday;2306644;291370;184479;901963;0;230410;0;240790;400662;46970;0;10000;0
sábado, 5 de noviembre de 2022;Saturday;2647737;185937;97086;1546061;0;220880;0;178980;381843;28660;0;8290;0
domingo, 6 de noviembre de 2022;Sunday;1574458;185693;321606;717508;0;78310;7434;51860;87421;93690;0;30936;0
lunes, 7 de noviembre de 2022;Monday;508662;82657;53857;288002;0;9690;0;10290;21990;23960;18216;0;0
martes, 8 de noviembre de 2022;Tuesday;807752;71495;62370;384267;0;94300;0;75130;102200;17990;0;0;0
miércoles, 9 de noviembre de 2022;Wednesday;911610;67050;129019;397390;0;41870;0;65950;191391;9490;0;9450;0
jueves, 10 de noviembre de 2022;Thursday;1517307;62289;44913;1113535;0;72590;0;93210;116290;0;0;14480;0
viernes, 11 de noviembre de 2022;Friday;1769088;94173;246403;812492;0;132270;0;123180;291940;45150;0;23480;0
sábado, 12 de noviembre de 2022;Saturday;1770905;120684;67311;675129;0;185900;0;189030;484791;48060;0;0;0
domingo, 13 de noviembre de 2022;Sunday;1014489;108318;118675;506966;0;41460;0;30470;148560;40270;0;19770;0
lunes, 14 de noviembre de 2022;Monday;724479;37440;117359;449100;0;0;0;67930;33270;19380;0;0;0
martes, 15 de noviembre de 2022;Tuesday;1315154;134549;242616;749219;0;123730;0;0;65040;0;0;0;0
miércoles, 16 de noviembre de 2022;Wednesday;986379;136004;9498;586037;0;34720;0;29970;152490;17480;0;20180;0
jueves, 17 de noviembre de 2022;Thursday;1378264;105716;153560;580058;0;137460;0;98520;302950;0;0;0;0
viernes, 18 de noviembre de 2022;Friday;2393304;225210;272088;1285616;0;140920;0;112290;290890;27270;0;39020;0
sábado, 19 de noviembre de 2022;Saturday;709366;30000;13178;55473;0;108260;10990;105090;351505;34870;0;0;0
domingo, 20 de noviembre de 2022;Sunday;1094430;102134;89078;410228;0;111970;0;163450;96890;49750;0;70930;0
lunes, 21 de noviembre de 2022;Monday;684258;35159;137940;348789;0;45860;5170;21990;83530;0;0;5820;0
martes, 22 de noviembre de 2022;Tuesday;673448;68834;35662;273182;0;150420;0;36560;90510;0;0;18280;0
miércoles, 23 de noviembre de 2022;Wednesday;1171508;90068;328538;508131;0;32580;0;33170;152091;17480;0;9450;0
jueves, 24 de noviembre de 2022;Thursday;1540763;135986;128437;974130;0;78120;0;77140;130970;15980;0;0;0
viernes, 25 de noviembre de 2022;Friday;2192031;219963;135092;1258696;0;143360;3270;49550;326820;47560;0;7720;0
sábado, 26 de noviembre de 2022;Saturday;1997171;311198;211430;1037213;0;98220;0;58060;210261;51350;10549;8890;0
domingo, 27 de noviembre de 2022;Sunday;914696;73000;29216;583049;0;65000;0;20880;143551;0;0;0;0
lunes, 28 de noviembre de 2022;Monday;452203;37390;82588;200355;0;0;0;0;104900;26970;0;0;0
martes, 29 de noviembre de 2022;Tuesday;1220342;129081;96437;746864;0;25770;0;53250;130970;0;0;37970;0
miércoles, 30 de noviembre de 2022;Wednesday;1399417;179138;39985;952613;0;80840;0;32770;114071;0;0;0;0
jueves, 1 de diciembre de 2022;Thursday;1467063;190818;24882;767333;0;78720;0;80120;284040;19480;0;21670;0
viernes, 2 de diciembre de 2022;Friday;2907872;201393;253874;1716507;0;171740;6716;235390;272780;23970;0;25502;0
sábado, 3 de diciembre de 2022;Saturday;2162923;219219;127218;1350355;0;103790;7600;109890;210881;0;0;33970;0
domingo, 4 de diciembre de 2022;Sunday;2342917;230429;41708;1409409;0;200630;0;107310;231301;24070;0;98060;0
lunes, 5 de diciembre de 2022;Monday;627792;185560;0;249022;0;24470;0;0;105890;51860;0;10990;0
martes, 6 de diciembre de 2022;Tuesday;1053147;107276;43923;598898;0;68630;0;19880;181970;0;0;32570;0
miércoles, 7 de diciembre de 2022;Wednesday;1813985;133780;161352;1077298;0;27670;0;64740;299130;6290;43725;0;0
jueves, 8 de diciembre de 2022;Thursday;1435096;119092;52294;1034079;0;105560;0;0;106581;17490;0;0;0
viernes, 9 de diciembre de 2022;Friday;2020818;126121;89661;1263959;0;90710;0;128080;278140;19980;24167;0;0
sábado, 10 de diciembre de 2022;Saturday;1371620;79215;249515;509399;0;119600;0;136640;228481;48770;0;0;0
domingo, 11 de diciembre de 2022;Sunday;1114125;62265;59862;515366;0;105850;0;60900;243962;59730;0;6190;0
lunes, 12 de diciembre de 2022;Monday;601683;140107;0;364586;0;28870;0;0;57130;0;0;10990;0
martes, 13 de diciembre de 2022;Tuesday;1129178;170304;66627;581406;0;36150;0;44060;219641;0;0;10990;0
miércoles, 14 de diciembre de 2022;Wednesday;1155114;162858;173723;635030;0;28870;0;0;72421;19480;50842;11890;0
jueves, 15 de diciembre de 2022;Thursday;1576718;131977;238326;785405;0;29980;0;85630;243460;61940;0;0;0
viernes, 16 de diciembre de 2022;Friday;1940800;134765;129143;1183861;0;96150;0;92810;258801;45270;0;0;0
sábado, 17 de diciembre de 2022;Saturday;2187257;254140;351189;1137787;0;16480;0;171250;231641;24770;0;0;0
domingo, 18 de diciembre de 2022;Sunday;1302185;145265;101323;620870;0;102210;0;187980;82710;16780;23067;21980;0
lunes, 19 de diciembre de 2022;Monday;472985;71660;62172;207333;0;15180;0;28130;88510;0;0;0;0
martes, 20 de diciembre de 2022;Tuesday;993157;46260;117926;578010;0;111200;0;9690;100601;29470;0;0;0
miércoles, 21 de diciembre de 2022;Wednesday;1188041;66646;187714;646280;0;59540;0;38760;158741;9390;0;20970;0
jueves, 22 de diciembre de 2022;Thursday;1198997;247062;70069;567615;11980;57210;0;28270;197811;18980;0;0;0
viernes, 23 de diciembre de 2022;Friday;2772638;241450;444263;1645903;0;56930;0;107500;184002;92590;0;0;0
sábado, 24 de diciembre de 2022;Saturday;266721;90213;0;109778;0;10990;0;28270;0;27470;0;0;0
domingo, 25 de diciembre de 2022;Sunday;0;0;0;0;0;0;0;0;0;0;0;0;0
lunes, 26 de diciembre de 2022;Monday;1137070;180812;43566;698421;0;37060;0;39160;106581;20480;0;10990;0
martes, 27 de diciembre de 2022;Tuesday;1182706;214095;203346;499824;0;22080;0;79540;133861;6990;0;22970;0
miércoles, 28 de diciembre de 2022;Wednesday;1228352;99990;111778;821258;0;19580;0;34070;112180;29496;0;0;0
jueves, 29 de diciembre de 2022;Thursday;2171879;198177;298592;1237066;0;70230;0;79020;219764;34470;0;34560;0
viernes, 30 de diciembre de 2022;Friday;2343860;317210;308814;1245723;0;91660;0;125270;212923;28970;0;13290;0
sábado, 31 de diciembre de 2022;Saturday;514854;90973;56903;219718;0;65740;0;0;48550;32970;0;0;0
domingo, 1 de enero de 2023;Sunday;644440;285360;17450;334650;0;0;0;0;0;0;6980;0;0
lunes, 2 de enero de 2023;Monday;1353645;78827;79640;749348;0;114990;0;98000;152230;46250;0;34360;0
martes, 3 de enero de 2023;Tuesday;771367;132857;86889;389119;0;10990;0;54550;96962;0;0;0;0
miércoles, 4 de enero de 2023;Wednesday;1606572;77695;51205;1120591;0;104090;0;51750;191251;9990;0;0;0
jueves, 5 de enero de 2023;Thursday;1317641;147583;48356;671930;0;97000;0;68340;262192;12790;0;9450;0
viernes, 6 de enero de 2023;Friday;2853211;199686;255217;1625065;0;184710;0;186220;367263;25470;0;9580;0
sábado, 7 de enero de 2023;Saturday;1576128;101177;249370;799321;0;50950;0;60740;280350;24770;0;9450;0
domingo, 8 de enero de 2023;Sunday;1227001;82607;91608;650384;0;102070;0;94170;159202;17490;0;29470;0
lunes, 9 de enero de 2023;Monday;1003709;158790;131505;406364;0;83970;0;21580;177020;24480;0;0;0
martes, 10 de enero de 2023;Tuesday;1899475;226445;454911;940288;55340;80830;3358;48850;63831;17990;0;7632;0
miércoles, 11 de enero de 2023;Wednesday;1271360;192408;132065;828416;15980;32070;0;29670;40751;0;0;0;0
jueves, 12 de enero de 2023;Thursday;1966058;199284;91284;1312972;0;30170;0;63400;170080;0;98868;0;0
viernes, 13 de enero de 2023;Friday;2935396;268883;337707;1993856;36970;21980;0;110150;156660;0;0;9190;0
sábado, 14 de enero de 2023;Saturday;1823797;179844;200024;1014289;0;99900;0;70930;237230;0;0;21580;0
domingo, 15 de enero de 2023;Sunday;811782;107270;34067;337355;14990;67690;0;181480;34370;0;0;34560;0
lunes, 16 de enero de 2023;Monday;953785;44220;82181;561154;0;64840;0;105100;81510;0;0;14780;0
martes, 17 de enero de 2023;Tuesday;1366288;109706;134682;928270;31770;28160;0;29930;94320;0;0;9450;0
miércoles, 18 de enero de 2023;Wednesday;1047754;242290;64031;661033;16980;23270;0;18880;21270;0;0;0;0
jueves, 19 de enero de 2023;Thursday;2180025;228748;360803;1313754;0;15580;0;27570;216990;0;0;16580;0
viernes, 20 de enero de 2023;Friday;2452472;172150;465104;1327368;18980;83320;0;96420;289130;0;0;0;0
sábado, 21 de enero de 2023;Saturday;1598199;155530;166311;899348;0;61640;0;39960;275410;0;0;0;0
domingo, 22 de enero de 2023;Sunday;886403;155719;24266;437638;0;68920;0;66500;133360;0;0;0;0
lunes, 23 de enero de 2023;Monday;835011;196342;48224;402115;14990;70630;0;56450;46260;0;0;0;0
martes, 24 de enero de 2023;Tuesday;1395740;184690;122364;931386;0;35960;0;30170;91170;0;0;0;0
miércoles, 25 de enero de 2023;Wednesday;1073675;85054;74701;783780;0;44810;0;10990;74340;0;0;0;0
jueves, 26 de enero de 2023;Thursday;1902251;178779;337601;1204212;0;21990;0;12890;42260;0;93529;10990;0
viernes, 27 de enero de 2023;Friday;2355536;264351;210892;1323503;16980;131440;0;96320;298270;0;0;13780;0
sábado, 28 de enero de 2023;Saturday;1436369;202870;54714;840915;16980;28070;0;106000;178530;0;0;8290;0
domingo, 29 de enero de 2023;Sunday;816611;96876;38660;432525;14990;21980;0;64830;146750;0;0;0;0
lunes, 30 de enero de 2023;Monday;1039925;88250;76932;728883;0;17980;0;22880;105000;0;0;0;0
martes, 31 de enero de 2023;Tuesday;1771262;97701;384021;1056710;0;76220;0;62540;94070;0;0;0;0
miércoles, 1 de febrero de 2023;Wednesday;1226643;108439;172645;695819;43470;112590;0;62250;31430;0;0;0;0
jueves, 2 de febrero de 2023;Thursday;2619942;212765;160479;1886708;0;104950;0;61300;193740;0;0;0;0
viernes, 3 de febrero de 2023;Friday;2429464;159841;543690;1232683;70430;120580;0;89420;212820;0;0;0;0
sábado, 4 de febrero de 2023;Saturday;2563958;172161;416592;1606445;47450;133010;0;29970;158330;0;0;0;0
domingo, 5 de febrero de 2023;Sunday;854000;92294;50527;352959;109360;40260;0;15980;192620;0;0;0;0
lunes, 6 de febrero de 2023;Monday;1003713;170493;25916;635174;10990;40750;0;51850;68540;0;0;0;0
martes, 7 de febrero de 2023;Tuesday;1673479;182291;98749;1215909;19580;36960;2770;68340;30370;0;0;18510;0
miércoles, 8 de febrero de 2023;Wednesday;1481309;194829;352568;621302;0;45740;0;35370;231500;0;0;0;0
jueves, 9 de febrero de 2023;Thursday;2800758;409335;172221;2085442;0;0;0;43060;90700;0;0;0;0
viernes, 10 de febrero de 2023;Friday;2191483;166190;234735;1268308;14990;165640;0;106550;235070;0;0;0;0
sábado, 11 de febrero de 2023;Saturday;2453697;227894;239643;1373701;107189;95770;0;146670;231150;0;0;31680;0
domingo, 12 de febrero de 2023;Sunday;642258;60099;4609;371050;0;47250;0;57140;81530;0;0;20580;0
lunes, 13 de febrero de 2023;Monday;528416;100752;26686;181742;51526;35220;0;10990;121500;0;0;0;0
martes, 14 de febrero de 2023;Tuesday;2845948;267249;630791;1475418;135780;91910;0;174050;63060;0;0;7690;0
miércoles, 15 de febrero de 2023;Wednesday;1448358;139255;57079;1151033;17990;39560;0;21980;21461;0;0;0;0
jueves, 16 de febrero de 2023;Thursday;2694392;229704;640921;1423557;70310;51600;0;60700;217600;0;0;0;0
viernes, 17 de febrero de 2023;Friday;2628484;283426;75075;1856922;41540;74390;0;38570;224681;0;0;33880;0
sábado, 18 de febrero de 2023;Saturday;2555522;420112;126259;1545588;41470;55500;0;84580;219783;0;0;62230;0
domingo, 19 de febrero de 2023;Sunday;900297;81726;100348;356002;32470;68730;0;0;261021;0;0;0;0
lunes, 20 de febrero de 2023;Monday;1080020;130795;0;787333;17980;56200;0;53450;34262;0;0;0;0
martes, 21 de febrero de 2023;Tuesday;1256212;122094;129635;790273;14990;32060;0;54050;113110;0;0;0;0
miércoles, 22 de febrero de 2023;Wednesday;773230;81525;242451;259196;23980;5990;0;29570;130518;0;0;0;0
jueves, 23 de febrero de 2023;Thursday;2361431;258490;354837;1534506;44970;0;0;22180;146448;0;0;0;0
viernes, 24 de febrero de 2023;Friday;2438894;161665;356765;1430364;107020;42801;0;107600;232679;0;0;0;0
sábado, 25 de febrero de 2023;Saturday;2200038;137209;143799;1307290;64950;147920;0;140970;257900;0;0;0;0
domingo, 26 de febrero de 2023;Sunday;998606;143599;22957;468304;8490;128550;690;66130;151045;0;0;8841;0
lunes, 27 de febrero de 2023;Monday;781745;47679;52734;584448;0;18280;0;20080;58524;0;0;0;0
martes, 28 de febrero de 2023;Tuesday;1740832;94453;238871;1063284;7690;63330;0;88470;176344;0;0;8390;0
miércoles, 1 de marzo de 2023;Wednesday;1414097;65140;251327;793880;14280;34860;0;126040;128570;0;0;0;0
jueves, 2 de marzo de 2023;Thursday;2908459;223940;250531;2236438;0;30930;0;36660;122870;0;0;7090;0
viernes, 3 de marzo de 2023;Friday;2066956;140124;282377;998085;32980;162860;0;107400;337670;0;0;5460;0
sábado, 4 de marzo de 2023;Saturday;492998;0;0;0;0;87051;7197;120650;278100;0;0;0;0
domingo, 5 de marzo de 2023;Sunday;0;0;0;0;0;0;0;0;0;0;0;0;0
lunes, 6 de marzo de 2023;Monday;588082;77156;0;276996;0;59900;0;65040;108990;0;0;0;0
martes, 7 de marzo de 2023;Tuesday;1104884;96458;46805;681365;0;106902;0;76260;90500;0;0;6594;0
miércoles, 8 de marzo de 2023;Wednesday;1636786;131052;109910;1079848;29970;94114;0;41870;150022;0;0;0;0
jueves, 9 de marzo de 2023;Thursday;3266707;404080;479237;2114147;0;123684;0;75820;68621;0;0;1118;0
viernes, 10 de marzo de 2023;Friday;2872618;253461;405301;1883418;16125;70120;0;56240;187953;0;0;0;0
sábado, 11 de marzo de 2023;Saturday;2684047;280985;315702;1671016;69732;47240;0;92020;197062;0;0;10290;0
domingo, 12 de marzo de 2023;Sunday;734390;120199;78957;282253;0;83230;0;37420;132331;0;0;0;0
lunes, 13 de marzo de 2023;Monday;814139;36000;45796;543061;21880;30270;0;57940;69502;0;0;9690;0
martes, 14 de marzo de 2023;Tuesday;1278341;68066;25905;1058481;0;23780;0;16080;66559;0;0;19470;0
miércoles, 15 de marzo de 2023;Wednesday;1191361;189103;113291;750207;0;10990;0;72030;55740;0;0;0;0
jueves, 16 de marzo de 2023;Thursday;2717154;180894;629587;1643939;0;91860;0;50250;73379;0;47245;0;0
viernes, 17 de marzo de 2023;Friday;2963113;284684;475107;1404404;89220;248522;0;106200;343986;0;0;10990;0
sábado, 18 de marzo de 2023;Saturday;1935286;262775;217305;1065946;29980;28270;0;86080;235180;0;0;9750;0
domingo, 19 de marzo de 2023;Sunday;1285471;112152;172019;632817;10990;55822;0;102260;189880;0;0;9531;0
lunes, 20 de marzo de 2023;Monday;797219;70435;145761;390693;0;50960;0;74120;65250;0;0;0;0
martes, 21 de marzo de 2023;Tuesday;1208615;166683;248982;678760;0;0;0;79920;34270;0;0;0;0
miércoles, 22 de marzo de 2023;Wednesday;535766;79313;66143;301710;0;32260;0;17880;38460;0;0;0;0
jueves, 23 de marzo de 2023;Thursday;1731241;126877;279538;995445;0;14480;0;151060;144020;0;0;19821;0
viernes, 24 de marzo de 2023;Friday;1722137;176295;211563;858828;27280;97420;0;124880;158320;0;67551;0;0
sábado, 25 de marzo de 2023;Saturday;1929953;145075;260741;1068036;26480;91151;2620;107970;208320;0;0;19560;0
domingo, 26 de marzo de 2023;Sunday;732762;79259;59196;340966;34470;21280;0;60640;130361;0;0;6590;0
lunes, 27 de marzo de 2023;Monday;469997;30820;21307;343161;0;10990;0;10590;33249;0;0;19880;0
martes, 28 de marzo de 2023;Tuesday;768036;30700;161997;346926;35980;35660;0;21990;134783;0;0;0;0
miércoles, 29 de marzo de 2023;Wednesday;759110;77656;121924;360900;0;15980;0;92300;81008;0;9342;0;0
jueves, 30 de marzo de 2023;Thursday;1639167;215599;77297;965340;17990;41901;0;58940;262100;0;0;0;0
viernes, 31 de marzo de 2023;Friday;3218084;197058;378389;1900230;58630;162381;0;172590;317536;0;0;31270;0
sábado, 1 de abril de 2023;Saturday;3002084;251181;395322;1764756;21470;96400;0;148250;291735;0;0;32970;0
domingo, 2 de abril de 2023;Sunday;1201354;65916;107657;584028;17990;142811;0;18980;246192;0;0;17780;0
lunes, 3 de abril de 2023;Monday;879108;76113;221210;431704;23770;58181;0;18880;49250;0;0;0;0
martes, 4 de abril de 2023;Tuesday;883978;30240;148269;507379;8290;21990;0;66830;95090;0;0;5890;0
miércoles, 5 de abril de 2023;Wednesday;1842945;127344;95199;1360782;0;21980;0;75390;162250;0;0;0;0
jueves, 6 de abril de 2023;Thursday;3014814;185131;456707;1850696;89870;169510;0;135320;116590;0;0;10990;0
viernes, 7 de abril de 2023;Friday;2283306;161045;390690;1394618;31570;131993;0;132830;29570;0;0;10990;0
sábado, 8 de abril de 2023;Saturday;1843258;196083;89518;1077066;100990;128511;0;95710;0;0;0;20070;135310
domingo, 9 de abril de 2023;Sunday;583545;43409;88616;167500;59030;91810;0;29970;103210;0;0;0;0
lunes, 10 de abril de 2023;Monday;414988;33480;39402;261945;14990;32201;0;0;0;0;0;32970;0
martes, 11 de abril de 2023;Tuesday;1474711;79034;374825;888551;8990;42781;0;12890;67640;0;0;0;0
miércoles, 12 de abril de 2023;Wednesday;962126;58907;0;668327;0;82861;0;89700;62331;0;0;0;0
jueves, 13 de abril de 2023;Thursday;1219965;112831;181170;777473;0;48291;0;45940;54260;0;0;0;0
viernes, 14 de abril de 2023;Friday;3096106;159474;400024;1838176;48550;158730;0;142550;315432;0;0;33170;0
sábado, 15 de abril de 2023;Saturday;2260347;179056;385654;1353515;17990;70871;0;98300;146071;0;0;8890;0
domingo, 16 de abril de 2023;Sunday;653277;33200;8990;384607;0;112890;0;87220;26370;0;0;0;0
lunes, 17 de abril de 2023;Monday;743494;207779;64227;274658;9450;45560;0;29870;93670;0;0;18280;0
martes, 18 de abril de 2023;Tuesday;1108063;109394;245795;650102;16980;31870;0;10990;35042;0;0;7890;0
miércoles, 19 de abril de 2023;Wednesday;716773;168196;83118;370759;6990;42060;0;37260;8390;0;0;0;0
jueves, 20 de abril de 2023;Thursday;1515224;258359;118173;956052;14990;42860;0;78140;46650;0;0;0;0
viernes, 21 de abril de 2023;Friday;2661177;113497;0;1865287;46450;132042;0;210840;222161;0;0;21960;48940
sábado, 22 de abril de 2023;Saturday;2252093;114240;248336;1338095;16980;20521;0;245810;247531;0;0;20580;0
domingo, 23 de abril de 2023;Sunday;1103374;267569;192214;401128;17480;30011;0;31260;136332;0;14990;12390;0
lunes, 24 de abril de 2023;Monday;534081;86416;56903;304782;0;38360;0;10090;37530;0;0;0;0
martes, 25 de abril de 2023;Tuesday;823843;88943;144166;556564;0;12890;0;10290;0;0;0;10990;0
miércoles, 26 de abril de 2023;Wednesday;1163283;93950;186428;724067;0;31270;0;59340;47548;0;0;20680;0
jueves, 27 de abril de 2023;Thursday;1457302;165488;267542;800000;33970;42350;0;53260;94692;0;0;0;0
viernes, 28 de abril de 2023;Friday;2203110;119802;271513;1198322;29960;164682;0;148780;260601;0;0;9450;0
sábado, 29 de abril de 2023;Saturday;1980614;79789;395780;1047783;80020;100900;0;209710;26372;0;0;40260;0
domingo, 30 de abril de 2023;Sunday;1785523;91250;75633;1014564;90310;114551;0;129690;232565;0;0;36960;0
lunes, 1 de mayo de 2023;Monday;0;0;0;0;0;0;0;0;0;0;0;0;0
martes, 2 de mayo de 2023;Tuesday;1063694;30260;0;874994;0;46700;0;48650;54800;0;0;8290;0
miércoles, 3 de mayo de 2023;Wednesday;1018176;54875;87857;704582;0;34201;0;94420;42241;0;0;0;0
jueves, 4 de mayo de 2023;Thursday;1967240;54379;224840;1306371;25470;124740;0;117050;114390;0;0;0;0
viernes, 5 de mayo de 2023;Friday;3085496;214429;469859;1525215;48950;138460;0;315820;337803;0;0;17980;16980
sábado, 6 de mayo de 2023;Saturday;2844460;77469;346638;1683632;0;107790;0;90810;527131;0;0;10990;0
domingo, 7 de mayo de 2023;Sunday;926956;26350;6039;372887;0;107300;0;153060;261320;0;0;0;0
lunes, 8 de mayo de 2023;Monday;741396;60287;10098;554190;0;77770;0;12790;26261;0;0;0;0
martes, 9 de mayo de 2023;Tuesday;740781;109880;9990;521129;0;19280;0;19880;52632;0;0;7990;0
miércoles, 10 de mayo de 2023;Wednesday;1250574;59266;72611;914147;0;41250;0;98200;65100;0;0;0;0
jueves, 11 de mayo de 2023;Thursday;1895991;162567;277229;1267055;0;21280;0;60250;107610;0;0;0;0
viernes, 12 de mayo de 2023;Friday;3246645;141336;402915;1939239;0;239371;0;265100;249370;0;0;9314;0
sábado, 13 de mayo de 2023;Saturday;1979068;185506;350656;862932;7690;125112;0;64240;348052;0;0;34880;0
domingo, 14 de mayo de 2023;Sunday;1176712;66352;100823;646195;0;246391;0;27770;79650;0;0;9531;0
lunes, 15 de mayo de 2023;Monday;472193;34000;63052;243710;0;56800;0;0;63641;0;0;10990;0
martes, 16 de mayo de 2023;Tuesday;915848;152193;221697;471546;0;17680;0;0;52732;0;0;0;0
miércoles, 17 de mayo de 2023;Wednesday;891676;72474;69960;458781;0;35220;0;152350;70321;0;0;32570;0
jueves, 18 de mayo de 2023;Thursday;1318349;42200;191692;853106;0;62081;0;100900;68370;0;0;0;0
viernes, 19 de mayo de 2023;Friday;2534259;358216;373914;1300745;0;122670;4270;73990;293734;0;0;6720;0
sábado, 20 de mayo de 2023;Saturday;2437814;182378;421333;1171861;0;163581;0;126790;371871;0;0;0;0
domingo, 21 de mayo de 2023;Sunday;782866;37490;41316;241850;0;118970;0;80520;262720;0;0;0;0
lunes, 22 de mayo de 2023;Monday;523886;122733;88396;172197;0;50850;0;32770;56940;0;0;0;0
martes, 23 de mayo de 2023;Tuesday;1089990;89169;187671;575901;0;51340;0;40860;134859;0;0;10190;0
miércoles, 24 de mayo de 2023;Wednesday;785438;76480;43557;530360;0;71312;0;10290;53439;0;0;0;0
jueves, 25 de mayo de 2023;Thursday;1550475;44879;42750;1207943;0;24570;0;138960;91373;0;0;0;0
viernes, 26 de mayo de 2023;Friday;1515860;109856;76875;880614;0;108431;0;128090;211994;0;0;0;0
sábado, 27 de mayo de 2023;Saturday;2389913;239157;447056;1038867;0;99150;0;161630;379183;0;0;24870;0
domingo, 28 de mayo de 2023;Sunday;1380750;133644;321710;604910;0;125679;0;65290;107537;0;0;21980;0
lunes, 29 de mayo de 2023;Monday;451762;79000;108953;59972;36960;35720;0;64540;66617;0;0;0;0
martes, 30 de mayo de 2023;Tuesday;1193492;137394;126444;751661;0;21180;0;30370;115453;0;0;10990;0
miércoles, 31 de mayo de 2023;Wednesday;1350811;78765;34386;915712;0;33250;10090;152750;125858;0;0;0;0
jueves, 1 de junio de 2023;Thursday;1853084;99000;257405;1296213;0;23570;0;51110;125786;0;0;0;0
viernes, 2 de junio de 2023;Friday;2286053;141381;198682;1295338;37150;46650;0;196330;308532;0;61990;0;0
sábado, 3 de junio de 2023;Saturday;2476415;347160;209803;1504271;46250;51940;0;94600;222391;0;0;0;0
domingo, 4 de junio de 2023;Sunday;740407;126485;0;179734;15490;113521;0;133930;164497;0;0;6750;0
lunes, 5 de junio de 2023;Monday;753244;35000;113828;391905;0;83699;0;37670;91142;0;0;0;0
martes, 6 de junio de 2023;Tuesday;733735;38993;33946;483944;0;46632;0;88510;41710;0;0;0;0
miércoles, 7 de junio de 2023;Wednesday;1019030;166343;34476;661772;0;68929;0;50150;37360;0;0;0;0
jueves, 8 de junio de 2023;Thursday;1362015;52740;52613;976699;0;58912;0;140570;68711;0;0;0;11770
viernes, 9 de junio de 2023;Friday;2006888;146119;117856;1136281;0;183771;0;223310;199551;0;0;0;0
sábado, 10 de junio de 2023;Saturday;1581420;170472;198369;706328;31260;159881;0;76920;238190;0;0;0;0
domingo, 11 de junio de 2023;Sunday;975900;74920;117953;404324;0;119281;0;9690;205772;0;0;43960;0
lunes, 12 de junio de 2023;Monday;525066;127890;34925;235059;0;62771;0;21980;35851;0;0;6590;0
martes, 13 de junio de 2023;Tuesday;727768;29180;166694;303652;0;64622;0;59330;82310;0;0;21980;0
miércoles, 14 de junio de 2023;Wednesday;976213;106209;211376;384188;24980;45860;0;93520;110080;0;0;0;0
jueves, 15 de junio de 2023;Thursday;1074380;145220;104082;502676;30250;61171;0;56450;123981;0;0;43260;7290
viernes, 16 de junio de 2023;Friday;2810535;181039;309851;1605521;46150;91851;9210;194920;370213;0;0;1780;0
sábado, 17 de junio de 2023;Saturday;2083985;78389;179608;1195248;17980;214190;0;160620;237950;0;0;0;0
domingo, 18 de junio de 2023;Sunday;974847;138451;104478;172727;0;139901;0;0;419290;0;0;0;0
lunes, 19 de junio de 2023;Monday;576373;79524;49973;244074;17990;82602;0;53760;48450;0;0;0;0
martes, 20 de junio de 2023;Tuesday;1078022;87939;56045;515671;60740;29970;0;73250;218481;0;35926;0;0
miércoles, 21 de junio de 2023;Wednesday;1006677;90270;112332;629585;46960;0;0;0;127530;0;0;0;0
jueves, 22 de junio de 2023;Thursday;772907;130707;284754;196765;0;71571;0;18880;70230;0;0;0;0
viernes, 23 de junio de 2023;Friday;2088931;161515;123302;1155934;61950;36760;0;85980;430520;0;0;32970;0
sábado, 24 de junio de 2023;Saturday;1586923;115929;254540;714912;14990;150581;0;102000;233971;0;0;0;0
domingo, 25 de junio de 2023;Sunday;1692595;117890;199837;681206;33480;184451;0;82720;393011;0;0;0;0
lunes, 26 de junio de 2023;Monday;684290;63990;5258;350342;0;75730;0;21480;159500;0;0;7990;0
martes, 27 de junio de 2023;Tuesday;515524;64945;84125;321414;0;24170;0;7990;12880;0;0;0;0
miércoles, 28 de junio de 2023;Wednesday;594031;39290;35156;245425;44250;29630;0;73930;126350;0;0;0;0
jueves, 29 de junio de 2023;Thursday;1487940;154039;58008;933733;48750;44050;0;85720;150750;0;0;12890;0
viernes, 30 de junio de 2023;Friday;3331260;140051;583617;1909040;8990;135871;0;314780;238911;0;0;0;0
sábado, 1 de julio de 2023;Saturday;2827513;178780;174108;1504306;35470;237055;0;129890;527603;0;0;40301;0
domingo, 2 de julio de 2023;Sunday;1115609;119696;32626;347735;55440;136062;0;122430;264923;0;25707;10990;0
lunes, 3 de julio de 2023;Monday;598710;30170;53614;324634;26570;39460;0;37960;86302;0;0;0;0
martes, 4 de julio de 2023;Tuesday;1002712;131099;38107;592646;17480;9690;0;37160;176530;0;0;0;0
miércoles, 5 de julio de 2023;Wednesday;1046542;147341;0;562648;0;105573;0;17780;213200;0;0;0;0
jueves, 6 de julio de 2023;Thursday;1599370;116000;251042;994968;22480;35060;0;98600;70930;0;0;10290;0
viernes, 7 de julio de 2023;Friday;2638393;188953;350879;1355174;185966;46351;0;217780;293290;0;0;0;0
sábado, 8 de julio de 2023;Saturday;2134861;271762;348590;853168;58730;100341;0;170390;331880;0;0;0;0
domingo, 9 de julio de 2023;Sunday;1375328;180970;54675;659491;0;83610;0;92420;293172;0;0;10990;0
lunes, 10 de julio de 2023;Monday;731769;32050;51634;339154;0;132601;0;115890;60440;0;0;0;0
martes, 11 de julio de 2023;Tuesday;837123;58306;158146;286048;15980;113511;0;94010;111122;0;0;0;0
miércoles, 12 de julio de 2023;Wednesday;951473;104000;62815;556488;8490;31460;0;0;188220;0;0;0;0
jueves, 13 de julio de 2023;Thursday;1586501;121140;8490;1125469;45340;131271;0;57250;97541;0;0;0;0
viernes, 14 de julio de 2023;Friday;2039833;256452;266480;925990;53250;152180;0;109600;252211;0;0;8290;15380
sábado, 15 de julio de 2023;Saturday;2120178;157384;389393;913099;116600;124352;0;111810;307540;0;0;0;0
domingo, 16 de julio de 2023;Sunday;718249;80915;39655;192657;26980;71261;0;83220;202281;0;0;21280;0
lunes, 17 de julio de 2023;Monday;686250;66000;71731;273056;77710;41360;0;60110;96283;0;0;0;0
martes, 18 de julio de 2023;Tuesday;591148;94042;58003;247412;8990;48250;0;62240;72211;0;0;0;0
miércoles, 19 de julio de 2023;Wednesday;756569;77340;194106;313492;7890;21280;0;42160;100301;0;0;0;0
jueves, 20 de julio de 2023;Thursday;1232388;66687;243042;746179;8990;36060;0;33280;90160;0;0;7990;0
viernes, 21 de julio de 2023;Friday;2328867;140720;474254;986993;25270;201480;0;103610;396540;0;0;0;0
sábado, 22 de julio de 2023;Saturday;1310198;128395;126896;641224;15780;26670;0;127070;233483;0;0;10680;0
domingo, 23 de julio de 2023;Sunday;1199075;308277;65010;424825;40970;59230;0;73730;227033;0;0;0;0
lunes, 24 de julio de 2023;Monday;584619;62676;98787;302626;12380;44060;0;12190;38920;0;0;12980;0
martes, 25 de julio de 2023;Tuesday;616263;36170;50974;286386;26980;103182;0;16380;96191;0;0;0;0
miércoles, 26 de julio de 2023;Wednesday;1122463;64885;111133;647832;25970;18421;0;94000;160222;0;0;0;0
jueves, 27 de julio de 2023;Thursday;1731199;125158;328119;891641;16980;34660;0;102810;220841;0;0;10990;0
viernes, 28 de julio de 2023;Friday;2406388;135475;306810;1493071;17480;110090;0;161970;171961;0;0;9531;0
sábado, 29 de julio de 2023;Saturday;2040028;121797;259589;1154702;15990;48150;0;69930;369870;0;0;0;0
domingo, 30 de julio de 2023;Sunday;975297;129570;59532;437033;0;29311;0;98320;190061;0;0;31470;0
lunes, 31 de julio de 2023;Monday;595802;94663;40764;300975;35370;13780;0;61900;48350;0;0;0;0
martes, 1 de agosto de 2023;Tuesday;910378;189926;0;588128;0;10990;0;0;121334;0;0;0;0
miércoles, 2 de agosto de 2023;Wednesday;1248748;30500;380787;558881;35150;56060;0;59800;115680;0;0;11890;0
jueves, 3 de agosto de 2023;Thursday;1431306;71950;290542;884993;0;71231;0;71730;40860;0;0;0;0
viernes, 4 de agosto de 2023;Friday;3226592;99790;447167;2031365;30980;122080;0;108740;375880;0;0;10590;0
sábado, 5 de agosto de 2023;Saturday;1888375;168908;7359;1004247;36250;150801;0;104390;416420;0;0;0;0
domingo, 6 de agosto de 2023;Sunday;1090164;200778;137192;445454;0;67330;0;36160;170280;0;0;32970;0
lunes, 7 de agosto de 2023;Monday;560115;106007;0;331177;17990;0;0;50950;53991;0;0;0;0
martes, 8 de agosto de 2023;Tuesday;599094;76835;74184;304725;29970;70520;0;42860;0;0;0;0;0
miércoles, 9 de agosto de 2023;Wednesday;923687;38880;149362;566015;0;41910;0;67630;59890;0;0;0;0
jueves, 10 de agosto de 2023;Thursday;1453067;143156;72682;939316;0;38460;0;77250;182203;0;0;0;0
viernes, 11 de agosto de 2023;Friday;1917350;169853;154113;1076384;24980;45550;0;125180;321290;0;0;0;0
sábado, 12 de agosto de 2023;Saturday;2093993;286923;259510;948755;0;144232;0;68620;385953;0;0;0;0
domingo, 13 de agosto de 2023;Sunday;983730;108990;116960;343425;18880;58222;0;71140;219763;0;0;46350;0
lunes, 14 de agosto de 2023;Monday;1305083;61940;255048;683582;23170;94672;0;52150;134521;0;0;0;0
martes, 15 de agosto de 2023;Tuesday;307902;25410;0;87841;0;71681;0;0;111980;0;0;10990;0
miércoles, 16 de agosto de 2023;Wednesday;769122;64390;116028;387612;30170;10990;0;31270;128662;0;0;0;0
jueves, 17 de agosto de 2023;Thursday;889312;142531;38456;598954;0;0;0;40760;68611;0;0;0;0
viernes, 18 de agosto de 2023;Friday;1897458;94210;193402;1187066;8990;172130;0;75020;148360;0;0;18280;0
sábado, 19 de agosto de 2023;Saturday;1266837;141022;122034;498203;57950;57868;0;102970;265022;0;13178;8590;0
domingo, 20 de agosto de 2023;Sunday;1469054;134472;262973;468575;15580;130011;0;143160;314283;0;0;0;0
lunes, 21 de agosto de 2023;Monday;1096303;154226;325102;447855;26770;29970;0;65840;46540;0;0;0;0
martes, 22 de agosto de 2023;Tuesday;603333;70090;37334;315318;0;20580;0;0;160011;0;0;0;0
miércoles, 23 de agosto de 2023;Wednesday;838503;240680;170555;256257;0;28360;0;10990;131661;0;0;0;0
jueves, 24 de agosto de 2023;Thursday;1345937;122783;126714;1005299;6990;39201;0;33960;10990;0;0;0;0
viernes, 25 de agosto de 2023;Friday;1427465;94077;232029;685006;66430;64231;0;59940;225752;0;0;0;0
sábado, 26 de agosto de 2023;Saturday;1680162;143586;111728;906746;67940;49951;0;125090;258931;0;0;16190;0
domingo, 27 de agosto de 2023;Sunday;632233;101752;150013;125606;0;30901;0;66840;139341;0;0;0;17780
lunes, 28 de agosto de 2023;Monday;724999;86150;113416;350921;8990;55341;0;29270;80911;0;0;0;0
martes, 29 de agosto de 2023;Tuesday;583366;85080;0;346036;0;10990;0;50550;80420;0;0;10290;0
miércoles, 30 de agosto de 2023;Wednesday;902607;94670;106953;452424;0;23970;0;78030;146560;0;0;0;0
jueves, 31 de agosto de 2023;Thursday;1391296;216622;76901;830723;0;49440;0;78530;139080;0;0;0;0
viernes, 1 de septiembre de 2023;Friday;2837999;288274;301234;1642809;8590;87810;0;202000;265822;0;0;41460;0
sábado, 2 de septiembre de 2023;Saturday;1389372;179650;68871;690161;23970;158679;0;113560;143491;0;0;10990;0
domingo, 3 de septiembre de 2023;Sunday;768898;134487;103999;245487;17990;67934;0;65340;133661;0;0;0;0
lunes, 4 de septiembre de 2023;Monday;1082831;109617;71527;734060;0;43447;0;71930;52250;0;0;0;0
martes, 5 de septiembre de 2023;Tuesday;1017272;99445;222621;525626;17990;21419;5722;23880;95301;0;0;5268;0
miércoles, 6 de septiembre de 2023;Wednesday;370661;32000;23947;194960;45950;23294;0;9450;33070;0;0;7990;0
jueves, 7 de septiembre de 2023;Thursday;1565047;110773;164461;1168223;17990;0;0;85320;18280;0;0;0;0
viernes, 8 de septiembre de 2023;Friday;2084206;224536;452408;974339;0;152732;0;56550;223641;0;0;0;0
sábado, 9 de septiembre de 2023;Saturday;1756892;116189;176957;994203;48970;75680;0;97700;209853;0;0;15980;21360
domingo, 10 de septiembre de 2023;Sunday;748919;79357;28567;237383;17980;166081;0;86190;133361;0;0;0;0
lunes, 11 de septiembre de 2023;Monday;379982;79451;19778;73283;24970;68620;0;10590;103290;0;0;0;0
martes, 12 de septiembre de 2023;Tuesday;758727;84513;68123;361771;17990;103000;0;34870;67180;0;0;21280;0
miércoles, 13 de septiembre de 2023;Wednesday;672166;41000;111254;397841;0;18680;0;10590;92801;0;0;0;0
jueves, 14 de septiembre de 2023;Thursday;1106068;171639;41419;762388;24970;10290;0;0;95362;0;0;0;0
viernes, 15 de septiembre de 2023;Friday;2616621;134901;171930;1959299;0;75780;0;49950;224761;0;0;0;0
sábado, 16 de septiembre de 2023;Saturday;1092290;38010;105655;577422;26980;41160;0;121780;181283;0;0;0;0
domingo, 17 de septiembre de 2023;Sunday;796593;124129;25267;282801;51950;19821;0;41560;251065;0;0;0;0
lunes, 18 de septiembre de 2023;Monday;0;0;0;0;0;0;0;0;0;0;0;0;0
martes, 19 de septiembre de 2023;Tuesday;0;0;0;0;0;0;0;0;0;0;0;0;0
miércoles, 20 de septiembre de 2023;Wednesday;492209;76206;53262;192101;0;39970;0;67520;63150;0;0;0;0
jueves, 21 de septiembre de 2023;Thursday;949718;98393;51403;550200;77110;10990;0;0;161622;0;0;0;0
viernes, 22 de septiembre de 2023;Friday;2169724;212765;316745;1022250;140120;172230;0;0;252604;0;0;53010;0
sábado, 23 de septiembre de 2023;Saturday;2099752;51917;322533;1113277;147030;137670;0;0;327325;0;0;0;0
domingo, 24 de septiembre de 2023;Sunday;896874;112571;79019;448551;106160;21021;3070;0;110872;0;0;15610;0
lunes, 25 de septiembre de 2023;Monday;473041;40440;50204;241374;46940;21570;0;0;72513;0;0;0;0
martes, 26 de septiembre de 2023;Tuesday;410096;65906;125956;138123;25970;21980;0;0;32161;0;0;0;0
miércoles, 27 de septiembre de 2023;Wednesday;891663;139633;45199;559549;17980;23830;0;0;94482;0;0;10990;0
jueves, 28 de septiembre de 2023;Thursday;2049638;214957;301578;1269304;62150;66540;0;0;125231;0;9878;0;0
viernes, 29 de septiembre de 2023;Friday;3036280;171326;284812;1859562;146730;208370;0;0;365480;0;0;0;0
sábado, 30 de septiembre de 2023;Saturday;2288523;233198;178903;1438479;53730;135420;0;0;248793;0;0;0;0
domingo, 1 de octubre de 2023;Sunday;906953;78540;46540;296150;135450;141760;0;0;208513;0;0;0;0
lunes, 2 de octubre de 2023;Monday;393570;50440;0;159600;0;98910;0;0;84620;0;0;0;0
martes, 3 de octubre de 2023;Tuesday;554124;55247;53273;332943;0;42550;0;0;70111;0;0;0;0
miércoles, 4 de octubre de 2023;Wednesday;581348;95201;62696;292427;0;85374;0;0;45650;0;0;0;0
jueves, 5 de octubre de 2023;Thursday;2196269;174551;173266;1479188;42360;96492;0;0;230412;0;0;0;0
viernes, 6 de octubre de 2023;Friday;2017255;139258;116116;1390499;66430;96710;0;0;208242;0;0;0;0
sábado, 7 de octubre de 2023;Saturday;2130859;86418;285387;1338315;89850;115477;0;0;215412;0;0;0;0
domingo, 8 de octubre de 2023;Sunday;2014068;286270;345214;916011;55930;32980;0;0;361683;0;0;15980;0
lunes, 9 de octubre de 2023;Monday;773587;152300;160655;418585;17990;0;0;0;16280;0;0;7777;0
martes, 10 de octubre de 2023;Tuesday;550396;114058;24057;211291;32160;44960;0;0;123870;0;0;0;0
miércoles, 11 de octubre de 2023;Wednesday;1111714;79514;132528;760142;66710;10990;0;0;52140;0;0;9690;0
jueves, 12 de octubre de 2023;Thursday;1828202;428388;174134;940400;79730;21144;0;0;142981;0;24145;17280;0
viernes, 13 de octubre de 2023;Friday;2564136;134612;205546;1737008;104090;62504;0;0;271331;0;0;49045;0
sábado, 14 de octubre de 2023;Saturday;1865008;51828;157707;1148957;64020;21665;0;0;380230;0;40601;0;0
domingo, 15 de octubre de 2023;Sunday;1031158;62888;22297;556094;82700;59227;0;0;247952;0;0;0;0
lunes, 16 de octubre de 2023;Monday;657588;74846;216700;209602;22270;28970;0;0;105200;0;0;0;0
martes, 17 de octubre de 2023;Tuesday;929335;126427;217294;405884;31660;16880;0;0;131190;0;0;0;0
miércoles, 18 de octubre de 2023;Wednesday;518679;53500;32956;109057;66720;80006;0;63640;112800;0;0;0;0
jueves, 19 de octubre de 2023;Thursday;1738498;191910;456234;883336;13280;48697;0;22480;122561;0;0;0;0
viernes, 20 de octubre de 2023;Friday;1913647;179859;272283;1097803;17990;39150;0;21990;276882;0;0;7690;0
sábado, 21 de octubre de 2023;Saturday;1689327;66209;410079;810099;50450;65030;0;10290;258290;0;0;18880;0
domingo, 22 de octubre de 2023;Sunday;686708;30200;68524;337434;15480;16480;0;0;218590;0;0;0;0
lunes, 23 de octubre de 2023;Monday;315153;43490;129723;99580;18980;10990;0;0;12390;0;0;0;0
martes, 24 de octubre de 2023;Tuesday;920616;102547;110616;512796;64320;71317;0;0;59020;0;0;0;0
miércoles, 25 de octubre de 2023;Wednesday;852943;190699;110101;493432;0;0;0;0;58711;0;0;0;0
jueves, 26 de octubre de 2023;Thursday;2427472;156799;230813;1638290;52330;80620;0;0;257630;0;0;10990;0
viernes, 27 de octubre de 2023;Friday;1310760;242431;133133;574063;16980;83402;0;0;229691;0;0;31060;0
sábado, 28 de octubre de 2023;Saturday;1131763;213357;82874;520005;17380;38547;0;0;238920;0;0;20680;0
domingo, 29 de octubre de 2023;Sunday;659853;70315;28336;395838;13280;41084;0;0;111000;0;0;0;0
lunes, 30 de octubre de 2023;Monday;667029;84388;76340;338474;17990;108187;0;0;41650;0;0;0;0
martes, 31 de octubre de 2023;Tuesday;1428577;135177;88517;1031999;20470;28702;0;0;123712;0;0;0;0
miércoles, 1 de noviembre de 2023;Wednesday;597621;101777;19327;321480;17990;44437;0;0;92610;0;0;0;0
jueves, 2 de noviembre de 2023;Thursday;1832744;152814;0;1501422;35470;39660;0;0;95601;0;0;7777;0
viernes, 3 de noviembre de 2023;Friday;1767575;203959;241802;909718;68840;94787;0;0;233531;0;14938;0;0
sábado, 4 de noviembre de 2023;Saturday;1911652;137115;180004;1200739;8490;117100;0;0;268204;0;0;0;0
domingo, 5 de noviembre de 2023;Sunday;1047969;121893;12078;511400;16680;116578;0;0;269340;0;0;0;0
lunes, 6 de noviembre de 2023;Monday;381172;99941;28325;126438;30260;25968;0;0;70240;0;0;0;0
martes, 7 de noviembre de 2023;Tuesday;631474;94706;57442;326708;21970;73118;0;0;57530;0;0;0;0
miércoles, 8 de noviembre de 2023;Wednesday;743857;89699;144209;392652;19790;45197;0;0;52310;0;0;0;0
jueves, 9 de noviembre de 2023;Thursday;2554301;174242;540488;1649647;17990;65804;0;0;106130;0;0;0;0
viernes, 10 de noviembre de 2023;Friday;1492418;80389;118855;934943;65230;33109;0;0;259892;0;0;0;0
sábado, 11 de noviembre de 2023;Saturday;1955318;140586;64174;1302717;80740;115480;0;0;251621;0;0;0;0
domingo, 12 de noviembre de 2023;Sunday;684999;45000;0;368475;43670;29070;0;0;198784;0;0;0;0
lunes, 13 de noviembre de 2023;Monday;778398;66252;204908;389586;10780;0;0;0;91192;0;0;15680;0
martes, 14 de noviembre de 2023;Tuesday;747398;37380;118866;430397;35560;30514;0;0;94681;0;0;0;0
miércoles, 15 de noviembre de 2023;Wednesday;1264917;68372;306141;755806;0;48528;0;0;86070;0;0;0;0
jueves, 16 de noviembre de 2023;Thursday;2056748;125576;334763;1244452;70150;104016;0;0;177791;0;0;0;0
viernes, 17 de noviembre de 2023;Friday;1304159;160414;115181;526769;93050;129894;0;0;278851;0;0;0;0
sábado, 18 de noviembre de 2023;Saturday;1463612;251952;290757;562864;16980;82639;0;0;258420;0;0;0;0
domingo, 19 de noviembre de 2023;Sunday;813739;60842;73750;259998;58940;117467;0;0;236252;0;0;6490;0
lunes, 20 de noviembre de 2023;Monday;667745;67000;54043;455132;7290;41860;0;0;42420;0;0;0;0
martes, 21 de noviembre de 2023;Tuesday;1068968;66056;14828;781236;20380;100858;0;0;85610;0;0;0;0
miércoles, 22 de noviembre de 2023;Wednesday;703764;89751;48926;363502;15280;28257;0;0;135971;0;22077;0;0
jueves, 23 de noviembre de 2023;Thursday;2039539;115558;320205;1370673;10490;100783;0;0;121830;0;0;0;0
viernes, 24 de noviembre de 2023;Friday;1274415;38000;126041;738943;42350;95010;0;0;234071;0;0;0;0
sábado, 25 de noviembre de 2023;Saturday;1607675;116904;299171;870911;16480;115276;0;0;180543;0;0;8390;0
domingo, 26 de noviembre de 2023;Sunday;635219;94420;175186;45024;35150;71817;0;0;213622;0;0;0;0
lunes, 27 de noviembre de 2023;Monday;734349;88677;24167;418407;0;44148;0;0;158950;0;0;0;0
martes, 28 de noviembre de 2023;Tuesday;529274;22090;51683;308107;52150;60774;0;0;34470;0;0;0;0
miércoles, 29 de noviembre de 2023;Wednesday;1161080;109476;95774;789552;0;36448;0;0;129830;0;0;0;0
jueves, 30 de noviembre de 2023;Thursday;2790075;128093;239573;2123551;42592;84617;5270;0;151270;0;0;15109;0
viernes, 1 de diciembre de 2023;Friday;2292124;80647;273336;1397938;113969;128380;0;0;289864;0;0;7990;0
sábado, 2 de diciembre de 2023;Saturday;2080179;139265;136445;1339995;85010;49850;0;0;329614;0;0;0;0
domingo, 3 de diciembre de 2023;Sunday;173997;0;0;0;0;41547;0;0;132450;0;0;0;0
lunes, 4 de diciembre de 2023;Monday;736620;71729;143254;415479;10290;63527;0;0;32341;0;0;0;0
martes, 5 de diciembre de 2023;Tuesday;33670;0;0;0;0;0;0;0;33670;0;0;0;0
miércoles, 6 de diciembre de 2023;Wednesday;965244;110151;276485;392848;40570;42270;0;0;102920;0;0;0;0
jueves, 7 de diciembre de 2023;Thursday;2791998;211141;496056;1596756;70505;147858;0;0;269682;0;0;0;0
viernes, 8 de diciembre de 2023;Friday;1659636;205872;178057;858429;49740;106126;0;0;261412;0;0;0;0
sábado, 9 de diciembre de 2023;Saturday;2000758;218000;335038;1040550;19470;107739;0;0;279961;0;0;0;0
domingo, 10 de diciembre de 2023;Sunday;786250;63225;63591;362956;25970;68918;0;0;201590;0;0;0;0
lunes, 11 de diciembre de 2023;Monday;904157;76204;370767;338746;17480;43060;0;0;57900;0;0;0;0
martes, 12 de diciembre de 2023;Tuesday;1137339;128030;222299;612379;0;48050;0;0;126581;0;0;0;0
miércoles, 13 de diciembre de 2023;Wednesday;1462131;128007;288035;964159;0;18319;0;0;63611;0;0;0;0
jueves, 14 de diciembre de 2023;Thursday;1951432;176403;140382;1489195;12880;20881;0;0;111691;0;0;0;0
viernes, 15 de diciembre de 2023;Friday;1803137;120445;142126;1214208;28570;92424;0;0;205364;0;0;0;0
sábado, 16 de diciembre de 2023;Saturday;1882902;70287;232947;1004844;29380;70058;0;0;465696;0;0;9690;0
domingo, 17 de diciembre de 2023;Sunday;938340;107701;8490;500312;17990;93436;0;0;210411;0;0;0;0
lunes, 18 de diciembre de 2023;Monday;780682;70792;131746;389134;31960;31259;0;0;125791;0;0;0;0
martes, 19 de diciembre de 2023;Tuesday;1304804;136000;225797;804469;0;74118;0;0;64420;0;0;0;0
miércoles, 20 de diciembre de 2023;Wednesday;1461750;61076;162734;1206131;0;23419;0;0;8390;0;0;0;0
jueves, 21 de diciembre de 2023;Thursday;2591881;299409;434665;1712577;16978;71302;0;0;56950;0;0;0;0
viernes, 22 de diciembre de 2023;Friday;1725992;136789;265779;1083241;14980;39112;0;11290;174801;0;0;0;0
sábado, 23 de diciembre de 2023;Saturday;1852130;84000;254553;1222345;17990;56060;0;10590;206592;0;0;0;0
domingo, 24 de diciembre de 2023;Sunday;269838;35000;61688;92129;0;21990;0;0;59031;0;0;0;0
lunes, 25 de diciembre de 2023;Monday;0;0;0;0;0;0;0;0;0;0;0;0;0
martes, 26 de diciembre de 2023;Tuesday;784537;88212;138204;433661;21470;21980;0;0;81010;0;0;0;0
miércoles, 27 de diciembre de 2023;Wednesday;2107225;298680;321905;1271582;0;51437;0;18380;145241;0;0;0;0
jueves, 28 de diciembre de 2023;Thursday;1853611;50174;199038;1390212;8990;32596;0;0;172601;0;0;0;0
viernes, 29 de diciembre de 2023;Friday;3266602;252424;335038;2216797;59563;120647;7410;0;274723;0;0;0;0
sábado, 30 de diciembre de 2023;Saturday;1859605;187695;305160;1089076;41970;0;0;0;235704;0;0;0;0
domingo, 31 de diciembre de 2023;Sunday;30170;0;0;0;0;0;0;0;30170;0;0;0;0
lunes, 1 de enero de 2024;Monday;0;0;0;0;0;0;0;0;0;0;0;0;0
martes, 2 de enero de 2024;Tuesday;874759;66468;76076;533004;42960;43960;0;0;112291;0;0;0;0
miércoles, 3 de enero de 2024;Wednesday;1646405;131042;316250;1048824;0;54379;0;0;95910;0;0;0;0
jueves, 4 de enero de 2024;Thursday;1881788;57060;648736;1026852;17990;17480;0;0;113670;0;0;0;0
viernes, 5 de enero de 2024;Friday;2425028;100338;297627;1549872;0;148750;0;0;328441;0;0;0;0
sábado, 6 de enero de 2024;Saturday;1460485;135837;157505;750345;50260;167011;0;0;158442;0;41085;0;0
domingo, 7 de enero de 2024;Sunday;839498;127679;81510;453710;0;70218;0;0;106381;0;0;0;0
lunes, 8 de enero de 2024;Monday;1056107;122969;136661;617522;0;66894;5491;0;104171;0;0;2399;0
martes, 9 de enero de 2024;Tuesday;967557;101220;67705;607463;0;18767;0;0;172402;0;0;0;0
miércoles, 10 de enero de 2024;Wednesday;1834831;250797;322195;1058973;61450;55514;0;0;85902;0;0;0;0
jueves, 11 de enero de 2024;Thursday;2168724;340856;157735;1445447;81120;63666;0;10990;68910;0;0;0;0
viernes, 12 de enero de 2024;Friday;2478689;179002;408233;1668331;14780;63212;0;0;145131;0;0;0;0
sábado, 13 de enero de 2024;Saturday;2220503;113493;197709;1330552;10990;134405;0;0;433354;0;0;0;0
domingo, 14 de enero de 2024;Sunday;665033;57368;51084;382415;0;57466;0;32980;83720;0;0;0;0
lunes, 15 de enero de 2024;Monday;785608;127773;80203;434345;15480;54487;0;0;73320;0;0;0;0
martes, 16 de enero de 2024;Tuesday;458137;29000;45457;299184;0;24306;0;0;60190;0;0;0;0
miércoles, 17 de enero de 2024;Wednesday;1902714;146229;150260;1428759;34960;28096;0;0;84950;0;0;0;29460
jueves, 18 de enero de 2024;Thursday;2812554;127719;499836;2039597;0;39760;0;0;105642;0;0;0;0
viernes, 19 de enero de 2024;Friday;1675515;157909;116435;1158136;69188;78446;0;0;95401;0;0;0;0
sábado, 20 de enero de 2024;Saturday;1632143;32549;331249;1008623;8490;64774;0;0;171102;0;15356;0;0
domingo, 21 de enero de 2024;Sunday;847865;70170;37455;619031;25970;48089;0;0;47150;0;0;0;0
lunes, 22 de enero de 2024;Monday;812489;109695;121660;471667;23970;21757;0;0;63740;0;0;0;0
martes, 23 de enero de 2024;Tuesday;1050137;88929;74651;693408;37750;25519;0;21990;107890;0;0;0;0
miércoles, 24 de enero de 2024;Wednesday;2134129;242015;352605;1356778;46186;41294;0;0;95251;0;0;0;0
jueves, 25 de enero de 2024;Thursday;2527548;148330;634873;1602295;0;32970;0;21580;87500;0;0;0;0
viernes, 26 de enero de 2024;Friday;2119621;156686;341584;1326543;36750;29057;0;20080;208921;0;0;0;0
sábado, 27 de enero de 2024;Saturday;1586638;281325;261129;783104;16980;59640;1550;0;182910;0;0;0;0
domingo, 28 de enero de 2024;Sunday;501210;70707;34455;321559;0;16939;6200;0;51350;0;0;0;0
lunes, 29 de enero de 2024;Monday;776966;125341;141152;352133;0;61040;0;0;97300;0;0;0;0
martes, 30 de enero de 2024;Tuesday;1190297;47980;202070;682506;12980;47970;0;17780;179011;0;0;0;0
miércoles, 31 de enero de 2024;Wednesday;2535966;60390;390157;1849387;25970;32280;0;0;177782;0;0;0;0
jueves, 1 de febrero de 2024;Thursday;3208115;229526;453142;2220737;51740;108439;0;0;144531;0;0;0;0
viernes, 2 de febrero de 2024;Friday;2412555;192424;382445;1498917;42040;156499;0;0;140230;0;0;0;0
sábado, 3 de febrero de 2024;Saturday;1786958;59105;139513;1238953;33770;75746;0;0;239871;0;0;0;0
domingo, 4 de febrero de 2024;Sunday;864263;123236;77649;390629;0;64018;0;0;208731;0;0;0;0
lunes, 5 de febrero de 2024;Monday;903540;127322;103559;515519;0;37760;0;0;119380;0;0;0;0
martes, 6 de febrero de 2024;Tuesday;1275380;42318;47113;797351;8990;96436;0;0;283172;0;0;0;0
miércoles, 7 de febrero de 2024;Wednesday;0;0;0;0;0;0;0;0;0;0;0;0;0
jueves, 8 de febrero de 2024;Thursday;2528273;267655;194228;1879084;0;36296;0;0;151010;0;0;0;0
viernes, 9 de febrero de 2024;Friday;2152197;142144;407649;1316019;16480;94936;2571;10290;139760;0;0;22348;0
sábado, 10 de febrero de 2024;Saturday;1857179;103284;252362;1223734;15380;138457;0;10990;112972;0;0;0;0
domingo, 11 de febrero de 2024;Sunday;812794;68386;134145;426583;0;49010;0;0;134670;0;0;0;0
lunes, 12 de febrero de 2024;Monday;1070524;99290;176880;650455;0;21919;0;0;121980;0;0;0;0
martes, 13 de febrero de 2024;Tuesday;1293084;87000;259402;841190;29260;28091;0;0;48141;0;0;0;0
miércoles, 14 de febrero de 2024;Wednesday;3244678;250825;466763;1675931;44750;53726;0;0;298053;0;454630;0;0
jueves, 15 de febrero de 2024;Thursday;2117352;210080;253622;1499817;0;69924;0;0;65022;0;18887;0;0
viernes, 16 de febrero de 2024;Friday;1839571;92943;147578;1298150;40460;73707;0;29170;157563;0;0;0;0
sábado, 17 de febrero de 2024;Saturday;1230619;194224;196911;598086;42860;41976;0;0;156562;0;0;0;0
